userId,userName,password,email
1,f95eb6e2-c3d5-4f31-a49e-a302aa1ad32b,90070eb7-de6c-4071-831b-384f4cfc6232,fb2740f9-8e36-468e-9f1b-8d5dc064ff1c@somedomain.com
2,ca1bbd40-0c03-41b6-a9c3-381f1eff5010,1e143538-ba27-4412-be6f-d25a7542f326,4b68ddfd-e337-4342-98b8-b32f69705dbd@somedomain.com
3,69497a24-21d4-4f13-92a6-d21825a5bad0,a81d5d8c-f927-475a-abcd-5922399fd3c5,6d3ce34f-a36e-49f1-ac02-1f94d31a49dc@somedomain.com
4,b37e4d78-ad69-4d11-aec8-c648a7c0a449,80290c79-d197-4ce6-bd04-b2dfacee7723,6843561c-6a7f-4173-b466-eb8b559dbddf@somedomain.com
5,036149d8-933d-4fa8-8849-8a0fbbe161e1,a1fe82a4-0b23-418d-b629-2326a6b3f7be,ed57687d-c2e9-48e8-a1ef-3251ad608357@somedomain.com
6,62e2d424-d2cc-46d3-a078-927dbb42676a,29ad1256-f319-4580-9f82-748eeb39e7a7,15c855f5-10fe-4a49-9428-6270df6e18fa@somedomain.com
7,c5dbb219-1d55-4600-88b7-acbf5c67f1e8,c6e952b1-fa38-4e57-a92c-98cfe4f42358,d96b18a8-d57c-4137-97e5-e7f1fd6e52ce@somedomain.com
8,e7aefaa2-d84e-40f7-aeca-1ce2806e9970,1e244152-fc51-44e2-be19-ee813a12b89d,f47c3981-1bef-497a-833c-fe625eea26bc@somedomain.com
9,38ece684-a5bb-410d-8774-e92f8517006a,cd8c059d-282e-4ba7-badf-a75b38344cf3,c7861bd1-8cac-4b8e-a883-7cf287d2e2af@somedomain.com
10,41b6a011-18e0-4cd3-a4bb-caebb2918ac4,6983747f-7116-4859-9368-b55c819a3a58,bd8181fc-e510-4650-bb80-8566a80aa377@somedomain.com
11,50d83188-d87d-441a-b25b-87595c3cda5e,cda8d22d-5675-419f-9435-a2eb7e6c5bef,b40c1ef7-1e7c-42cd-bca2-6f5ee316f168@somedomain.com
12,cae47f29-c125-43f1-ab3c-6101670a1049,ae38f799-c6e8-4ac3-90aa-f61ba882ad93,cc7938f5-2686-44a7-bf28-42757d8149be@somedomain.com
13,a87e20e0-e87d-4931-afc9-c224a073685c,897a3a7c-6d73-4c18-abc9-70fc980c4717,a991c4b8-331c-4ee2-818b-36530b0d1c45@somedomain.com
14,f017bd02-0a5c-43e7-ba01-13b47906d435,f4ceb2cc-7297-42be-8d5c-582b59ce17d9,7099fc87-b1bc-4db4-9d00-e68565d35ed6@somedomain.com
15,f89873c4-189e-4e56-aea6-e01caf8260b8,1b863ce0-1de0-4602-9f29-fe605c452fdc,eda93a3a-1080-4183-b01c-4f73125ac2df@somedomain.com
16,86200c60-936a-4940-8982-0671f8d1edbe,1c3c7e9e-14d4-4961-be37-5f0ecba83c2f,14232079-0685-4717-8948-4d7aca3066fe@somedomain.com
17,b121c337-2be1-45d1-8523-7d267003f58e,cae31d5a-6579-4e01-a9d9-ca1ded702947,a8323fa0-2a0a-4fc8-806a-5d9c291a96d8@somedomain.com
18,f7d30e21-afe8-4ff9-8a55-8864784b961a,5bc134e5-ba3e-4e41-82ad-1f129f6962fc,c401b8c7-812c-426e-b85b-689e6ec16f05@somedomain.com
19,8b6070d4-7d9e-4449-ae3c-01edabfd98f9,d07f0414-584a-48cc-a13d-a6ece198bcdd,75d767e3-c8e9-4f72-9f4f-7f711c62cc86@somedomain.com
20,a8db761b-bf6e-4919-857f-eda4526d8bb2,16dd43c5-882c-4ac5-920c-cf36e5d4bfdc,c6a08f6c-da8e-403b-8dd8-801a6e20817f@somedomain.com
21,b6348b1e-b151-4a13-bb70-79092f88e18f,8cd97934-9315-401b-8908-3b7beb152a5f,39e85369-4396-4e29-ae37-da45dfa9fe34@somedomain.com
22,5fe52224-5111-4e4c-8cc6-5db883f6b35c,2a6110d8-1d13-4db0-9de4-b495d2eef6c5,47d2ac77-78d9-4832-a595-d24bd6493518@somedomain.com
23,502c5805-ff71-4b0f-90f8-c2aa99974305,a1979050-4a48-4271-9bf2-d970cc6cc6a1,c61b8dcd-cd55-47c5-8c8d-284eade3d89f@somedomain.com
24,ea6bd8c3-1d7e-4a8f-886c-7823adbc77f2,611fc6d1-9b35-4b3e-8298-61924587a1dc,4ab83808-f6da-4315-847d-2155d80a753c@somedomain.com
25,b09b1a7c-7975-48b7-9def-4a140e00565d,15c467a2-48cf-47c7-8cd6-b38bac83e735,4d857185-d144-4e94-9f3d-bb74f1c4b71a@somedomain.com
26,a779659f-3ec0-4728-a42f-e3497a7f64c0,f87cf701-ea4f-42f2-ae9f-fbf7dee3c3de,eccd7136-d2bd-4863-adfe-3c8c8f977232@somedomain.com
27,a9ac871d-2d9f-45c0-b78b-7e589a315146,cb63cc44-e192-4a62-8db5-55d62bd54f9b,18002ea8-6bea-48cd-8d17-bfb61512b6b9@somedomain.com
28,ff936be9-9f21-4423-9dcc-3569df038021,a32b85e7-f85d-4f55-a968-06f7ee6d5d58,8a968b14-6eef-495d-878f-f3a8d86f4df3@somedomain.com
29,6d033270-6ea0-4e74-b17d-2d0551c58d0e,b65b9b3d-f464-4fe6-b8f3-cb6b6868e82a,077b8471-0996-435a-b2d3-323da4c2882d@somedomain.com
30,3080964d-9c45-44ea-933c-6060d8795f5c,bdac3bea-1a1b-4839-a94a-4eb3ceaa2891,c7bdd2d1-e1c9-4bb1-a7fc-15ddf417b338@somedomain.com
31,1ebc7d11-2379-40ae-8acd-4f72f1022968,1b31769f-d49e-4602-8155-2aa5fb741cd4,eb650e51-5f32-4ca0-98e7-b5a26884ed75@somedomain.com
32,a85d4fed-8928-4ed4-83d1-18f74e8b8de7,bde8ed1e-505d-4cb3-abbd-c7a2e7312bc5,f2034f0e-2abf-4f7b-b105-10986184d988@somedomain.com
33,74039821-0267-4228-903c-9555b46e801b,6f0693af-3de4-4bc4-983b-5ce8d4e0b5c2,c5ab3288-1d0b-4753-a4c0-d71b7bc1a47c@somedomain.com
34,70ff47f9-2366-4a62-b0a9-6860106a6617,062f5e1f-0d4a-4f17-99ad-23649e3b565d,158f038c-97db-4b30-9d59-a91d2aa7b34b@somedomain.com
35,faed380c-993b-4e65-8b65-6be52d5b5ac1,c53c2aa8-f665-4ea8-b0f6-43f8adf791d0,1dcf9071-cac0-4ce5-94a1-63385b5c66c3@somedomain.com
36,28293b49-011c-42d4-a022-ae111f495c38,b3bbc1ec-f4fd-4224-ad6c-8c806b42221f,f710f797-59b3-4fd3-9481-542a81cf7d62@somedomain.com
37,ddf18ed3-9016-4bcb-b774-01ef5054815f,55099541-77f8-4826-9809-c7eb6e0486d9,18868ea3-0015-4764-b185-70ed3973840d@somedomain.com
38,7a9bc37f-6324-488e-a9a3-d2a8c195b540,6eb618eb-2dd6-4229-95e0-483f6e00e054,f538574c-b341-4d81-bb71-213450a5ee5e@somedomain.com
39,914c3c57-6b16-494c-9feb-e0494a81916b,9ac024bc-22b0-4da6-bec7-4ad870c8a61e,1fd47b8c-b041-448a-a14e-961448a628ef@somedomain.com
40,1ccaf754-b79c-494c-a12f-9159055ef50e,9ffea581-1a27-405d-b36d-7c1599b0174f,67106277-0cdf-4d97-9281-53c32b65b86f@somedomain.com
41,5780feae-aeed-4e19-be3c-ebb5c3abc19b,1e7d67c5-013f-4cfd-ac0f-4f90dbf053dd,c2ca1707-b1a3-4057-8d5f-9ca206f9ea3c@somedomain.com
42,14f963b4-353b-47ed-918b-1b91d1860d92,67152486-e5e7-473d-a94e-205a17e39f82,fccba900-0be9-4e63-8f8f-8d19fa966e61@somedomain.com
43,f9f34c3f-1695-468c-92e5-caa20df2c999,04be5eea-a5dc-455f-a310-bfa7e77da986,14666e1c-427b-45df-84f3-4f4b9c793389@somedomain.com
44,ca3a4621-cf32-4221-84fa-8e166b5b8efd,793134e6-4fe9-4f1b-8f42-ebd65bcd9fce,e6b660e4-e54b-45ee-8820-8a7843e6a824@somedomain.com
45,3134b53d-4a58-410d-a02c-1bcba1960f18,c43b85f0-c27e-4eb2-812d-ce3043a42a7a,47720a2d-19fd-48aa-b948-55f5a5d0cf75@somedomain.com
46,cb53da2b-fccb-49bd-9a41-6da92ed3e7c1,0d4874da-d74c-43f8-b880-a499861acae9,96d79359-ab25-4dc2-a594-9413093ec05b@somedomain.com
47,eaaaff08-5218-44ee-b6ef-8f5ed168f98f,c58774f6-27f1-4f04-b811-4f0b84d1fd00,bb44bffe-a73e-45cd-8dea-91ce67def5d8@somedomain.com
48,b042535a-fd8b-42a1-a587-274e100dd4d0,915c4f95-1809-4dd5-8016-6348a4582abf,fcecb9ca-ab25-416a-be75-8bcd049206a8@somedomain.com
49,3feb6c38-513d-4e89-a508-6e67784ba744,937c940f-bd94-436a-87de-c906f88b03e6,3cf949c9-8ee4-4f54-a04a-b1c2d7732378@somedomain.com
50,7b5caf77-7057-4814-b3ca-8ca14421c3d3,14e89465-84c8-4d14-b990-9e32745f0b47,d5d450f4-aed0-4b4f-abb2-ad53321efc96@somedomain.com
51,688d60c6-32e1-4b47-80d8-07e5c3490cec,3730a6c9-1b0c-40d5-8556-f807cbea4750,2be8cbe4-265b-475a-959d-aa4c6e5a9e91@somedomain.com
52,1683fd35-7d53-4ffe-9b52-1ad05a8cfb16,15aa1132-3dc7-4ee4-8226-1fcc66ea1174,b11aaf33-dba5-460c-acaf-a1673298f8c2@somedomain.com
53,26b6befd-14e5-4acc-9507-f5bfd8ab3746,fd8bcf53-b2c8-492b-90eb-115f45cfa983,61ac1577-a5b8-4743-9e26-8392c8ded28b@somedomain.com
54,f4522320-5cb5-4531-9f40-5137e47e96dd,a15c753d-514c-4c22-a57f-cfaf43b17b7c,095e4fe3-b80e-413e-997f-8f6f10c924c0@somedomain.com
55,80174a34-7758-4e75-a142-8983a802af28,95c0b75b-7bb1-4937-a291-5fe415525b73,935af3d9-d57c-4578-bb39-818ea3aabb53@somedomain.com
56,dbb63b11-479a-42e4-a737-3f7291898f48,6999d032-d0fe-4179-bbf1-7c29b95c85b6,1b557448-3754-4b38-b8fc-6043fbfd057e@somedomain.com
57,09c1c893-0907-46e2-9794-a5f92364d857,d4ca381f-6fee-4136-8fb9-6d594fe29c2d,99784b62-af5b-43da-a4d8-1faa561755b3@somedomain.com
58,13a50c58-7a62-4835-8642-97eb2ee5b297,af2e61ad-ea98-4a4a-bd3b-5278ecf848eb,934d9477-7481-48e0-a341-846ac9720c08@somedomain.com
59,69771f75-213f-45b1-ab61-f493a78d5f1f,05330cdd-6b0a-413f-8b0a-de69365aefa3,5641f8e0-695b-4480-aca9-97df89b8cd4f@somedomain.com
60,7d4809c1-a7ee-4deb-ad30-b90e4ab64305,e22dc078-0d12-4dc9-aabe-5b2d2fb3a0fb,07c1fc00-2e7e-46bd-96e4-15fa3d7e4e88@somedomain.com
61,b31cb8e6-7d8c-4d72-8130-f6b02e94fedf,7164e529-ce24-4efb-b414-beaf171f5e88,7cebadc4-06b2-40f8-853a-9e021a66eaba@somedomain.com
62,828350e4-15f7-4d18-b1c5-c3876625dff0,68e946a3-c7dd-4c8a-809f-b1fd823973db,60219160-2889-46c5-936e-e59e5d05983c@somedomain.com
63,1a9d9547-68ad-4bf3-abc2-161b95d0fb56,1a047bec-7b54-4b38-85ac-6261ae448dc4,3104159a-e62b-416d-b3a5-91d88aa3f201@somedomain.com
64,68426448-d726-45a0-9449-d3f03ff6a9e2,4c0c232f-2918-48cb-b300-a7ab387123a0,e7106127-654c-4f10-82ca-8ae1a413a452@somedomain.com
65,13c0397f-df67-4829-98f8-25115ab754ca,366ae41e-91a1-4f63-8a7c-41c044cd4892,9a4e008c-40f3-43ac-8dbb-6140e6d9bd73@somedomain.com
66,30a064a0-0b2e-4081-9e9d-23935925f616,32dcc127-168a-485e-936a-7414d63f084d,f51ced98-7d3f-48ce-8084-2f07273e50fe@somedomain.com
67,b2cf2ec8-905c-44db-a5d9-b12556ea8003,9576043d-f2d9-4e0f-b319-5c43271dfd0e,023be432-974a-4c62-a1b1-679b0ee4bd4b@somedomain.com
68,e25527cd-2bbd-4b53-a9bf-d124357f2029,b889af12-6f82-4817-a55f-fb6e902ee0e3,6bc6a99e-8d64-4f72-8e6f-fe13963587c5@somedomain.com
69,f8e173c1-46e9-4593-8344-fb4b3e256ef3,5b98e4f8-4327-4f1e-a6da-4ed902897a8d,2e6d7c9c-d656-416e-bad9-bf64b2c891af@somedomain.com
70,9634865a-e938-4a35-b5fd-ba7d4c66e87f,3a11dc8e-bf2d-47b8-9875-3353c4e6422e,1629e24a-6a99-4361-a751-80096c7d535c@somedomain.com
71,ce619a8c-090b-463a-b462-6087fdf62708,92aea34c-ff44-4a55-b1cb-68e8b0c4f1ee,51e3c4ec-c045-4f96-9909-25deec30ab3c@somedomain.com
72,e43749f1-1214-4da4-bcef-3617de86585e,f4204af5-0d44-455c-9902-d2d499ea7ae7,53a076d2-5edb-43bf-acda-b4d55e584d2d@somedomain.com
73,31a025f2-6df7-48d5-acf5-3aebbde7df7d,6ce50b81-57e2-49ba-98fe-6c7a986c5d83,d5cb904f-f319-4053-8821-57edb80e39ee@somedomain.com
74,a39841eb-0bf0-4425-a77d-f8be57d30faf,a44afee7-2ecf-46c6-bbbe-c20b095f39da,a8f7ce42-7b9c-4c56-9eb1-97c7516b6893@somedomain.com
75,0d0b1b17-dccd-4c49-b64b-ecc001ab7a17,41dd6867-1fba-42f7-9e1a-a29f05580319,3533e40a-03b4-425c-a85e-477c772e8733@somedomain.com
76,73663256-3c01-407a-bb82-9e2b4f557b95,49cd193b-dc49-429f-85c6-7a11568b6077,ea9fa52a-b886-43b6-9e63-79c59ac6deb3@somedomain.com
77,6e8e83fe-b732-40b1-9775-5d3c70728630,f4e08fde-16dc-4aca-ab46-5584f6aea2a7,b1b059fb-f991-4752-9ec7-ba35c7211f7e@somedomain.com
78,a78a49c7-fd61-450d-8ec2-59888153e7dc,0bd85bb8-44d5-4bc8-9b9c-a18d2f3f0d07,5ef31458-26d3-4f02-9850-5b8c06481418@somedomain.com
79,928a4eb5-0ce0-414c-8af5-b6feab886a66,3440c02f-c86e-4342-95f3-dc76fa0826bc,f61c8318-f7af-4f48-9bd3-19d48a85ec2b@somedomain.com
80,772b6c83-4a49-49c3-a16a-d289e11be2e3,2a5e69b9-b91b-4e9e-86eb-a8702b7da87f,ec54316f-8170-4a9a-b415-f17eed0f3128@somedomain.com
81,15bed868-54c5-4cba-94bc-44df9349e42d,a83995e3-0002-4266-8b50-ec4c3dcf0431,8b5eef1e-bae3-44fc-82ac-5cabd40e9360@somedomain.com
82,753b9f20-0661-4282-8a66-25bd735d633b,f9e7cbff-c14f-452f-83e7-5a9a20005b6d,ab375953-7fed-4eef-b8a6-af5c376013d2@somedomain.com
83,29d5dae8-8292-44c0-9b41-9004399377b1,c4bb7070-9bfc-4e18-a827-fd101702a91b,e706ef7d-151a-4025-9c78-24139fbfcd8b@somedomain.com
84,7df09ae5-dbee-4f09-877d-c01ff981b085,cfa1b381-013e-442a-a10b-b81c682d44bf,f347fa5a-74c3-4100-88a7-9c4b894a858d@somedomain.com
85,9fb72c49-6cc0-4837-b881-57454882dfa4,77889b14-48d5-45ae-856a-bcb4499a0cae,7ea2201f-dde1-4c63-8008-3abd132595ec@somedomain.com
86,5f1d5c9f-112a-4ec4-8e5e-1c57edc8bdee,a7c53e0a-6378-4b4e-bbd6-f6322827830f,826972f4-ab0f-47aa-b9d5-928426d416a2@somedomain.com
87,3aaeabcb-fa24-49c4-9c2e-5aa5bb4f05b6,9db77034-a5c8-4df8-b954-282f92932893,936546af-b2f3-4299-ae23-bf1655a406ea@somedomain.com
88,abc430ca-497c-478f-977e-85d980823c40,ddabbb6c-7b65-466b-8d1e-56d69aafca5e,456fcc3e-f5f3-4ae4-8223-16d2939f9b68@somedomain.com
89,b240bda3-a4cc-45c4-8710-10194a33d453,9b4fcacf-01ef-4836-ac84-525e8168ba83,ce7766d9-7b6a-4d25-9eec-f2fdd76dcff6@somedomain.com
90,448751e9-0840-4863-96c1-7d45f18f22d1,809a346c-5024-4da3-95d0-afc812f902d4,369f4ec5-a14a-470a-85c9-b79afdb45731@somedomain.com
91,7a8de649-4830-4b00-a66a-0e545d5a5040,6ef174e1-2643-4bfb-baf2-6c73bc18cad3,cfae3300-fbcb-48d4-bd9c-2c86a3657be4@somedomain.com
92,da96f880-4c4d-4d84-9aa5-53ae9c940af3,3d7879c1-a1f8-459a-9496-85cda815b16e,d4327485-148c-4743-b1cc-ef5a62a74555@somedomain.com
93,b8d063a5-99ab-4481-8129-dbb332e49178,197b5c63-ae0f-4f07-803d-1df84da5dfd5,6f6a5251-5447-442d-8839-119053c2ee37@somedomain.com
94,8c6614fb-c5d4-4e41-897f-20a1a91935c7,bc8e0213-5523-49e7-8521-2e65ab5b8cd3,7ef0ec42-69c0-4ffb-9eb8-f9d60c366083@somedomain.com
95,69ea9176-d6d1-471e-a572-9dfcb409fc29,61e27563-8b3e-45a5-bda0-42feaec2fef5,0710fe69-957b-4259-8f68-894ef431bf5e@somedomain.com
96,dac00a40-39c1-4f2e-b115-09310f0ded03,ddd1db3c-3b9e-43d1-b322-9eeb01cdde82,d370c4a4-2621-44f2-a092-f1094dbb2a08@somedomain.com
97,88d1d3b1-c7cd-4812-ad6a-c83400c6793e,a8c24289-0f59-4afc-b103-61ea8d2ca1be,a8aa241a-332b-406a-ab08-9e93fde16c8c@somedomain.com
98,1fbefba6-8176-404a-9b20-637fa679ac62,2a6f67ef-7418-46d2-9534-4523d974dafe,aa004028-fcdf-490c-8956-fcdf8b2ba785@somedomain.com
99,f402396a-3230-4be9-91bf-7eb78568fbc4,8f0835d6-ba45-4724-80cd-ad9256224090,ee6ab93b-bcce-4916-b7b5-feb776fff418@somedomain.com
100,bb94b76f-aceb-4c3b-b3d3-34070c406c43,c9785d07-e198-4983-a0fc-e0e2ded14e19,026fa6c1-77b6-4805-a9b9-b9e0aea6b439@somedomain.com
101,cf36bad8-0466-472c-864d-a32996307ba9,57f795d3-5e7f-4798-a649-b205e9f19f5c,165d93e3-7af2-4b72-b388-c357848ea8b1@somedomain.com
102,566f095e-ea5a-40fc-a6f1-e31bcb0f7d72,784190fc-8b4a-4624-bad7-90997bb1621d,1613e848-8d41-4492-b0a4-6f086141ee4e@somedomain.com
103,e664389e-9634-4dae-a93a-200ce2ec5540,4910f888-63b5-4e17-ad7c-cf6d03a790d2,67d571b6-f489-40ca-8cf1-71e9532e3bdc@somedomain.com
104,e1b29a97-d093-4fa2-b0e1-5ab09e9a6b24,3f469541-e7a3-4442-90d2-0f2763407600,e12542a3-295a-4f4f-b642-9028af752955@somedomain.com
105,1a9c043e-b9bd-41ae-8208-ec992226b50d,7a48da81-2d5e-426d-b939-c6306af48ddb,bb40c572-ddf8-4f10-938f-9ce30d9dce7c@somedomain.com
106,06b0dd64-ffb3-4706-a753-ccd18e008da7,b517d549-6bdc-4782-85b7-a4fb71746a72,674b3a36-87eb-4ad8-a512-ac7fdf059208@somedomain.com
107,90a34326-ca08-45e8-be8b-28fe57377c1c,b28cd382-a4ce-43ec-82e9-e67bea3ce111,2a058448-2c49-4a15-97b9-b0521e34fdde@somedomain.com
108,5d21a19d-1655-4217-a4ec-6e047e085fe7,c612c8d9-651d-48dd-9a07-f8ad526589d4,4e057a01-eb2c-4b07-9914-60ef87f47d7c@somedomain.com
109,394a8cdf-bbee-47f7-b345-33ab6e61782a,7ed885e8-aec9-40cc-a949-b83e83edd439,bce2a358-224c-43ec-99f8-726552756b18@somedomain.com
110,75a0ad89-f794-406b-be97-1130a3feaf25,d9485b9b-195d-46d3-83d8-72ae65f8b476,1de69b6c-f913-4bfc-8314-793b2ba4783c@somedomain.com
111,57b2cc22-6081-4465-90ae-07bb4d38df42,46e8ae8b-6d31-4667-a74d-1f295aafb8b4,2770d349-89ac-4d67-aa0f-b24efa24bc17@somedomain.com
112,4dd90137-3051-48af-90a4-b5f1f2de979c,74d8c658-e091-4fcf-84bb-ccc5201c4b60,1e7ed1ca-ed39-4f22-a7ae-597e2d18cb9f@somedomain.com
113,f60dcad6-5bf1-487c-9d15-3ee15cdb39fc,e1741190-b4d3-4c08-8da7-f455a2631ec4,2141f2f1-23d2-4fa7-9d88-66bcc3293c72@somedomain.com
114,62fc6fd8-b234-4477-af7a-9232f762b794,61bcf038-ea3e-46c4-bf6f-c52cdba0c2e6,245b01da-ebb3-4158-9565-715b06068fb4@somedomain.com
115,7628302f-9fea-4098-ad9c-8d134a4a8e22,53426029-8dfb-476c-b935-299c57641ce1,d9d219a2-dad4-460f-b534-ed9901440e07@somedomain.com
116,46424fe9-5a28-4a1b-9c5e-ace3f7e0d62c,418bc274-cf1a-4edf-ab91-0ef0dd810103,f44fec6f-d6e8-45fb-a437-4879ae2005f9@somedomain.com
117,b49096e6-ea6a-403a-a1f7-a8501c6b285a,5c8d1c4c-e565-4e0f-8aa2-ae4a2c3475ef,23228094-ee6c-4670-810f-268a4aa6401e@somedomain.com
118,09c3bd66-39a4-4076-aa7e-a3098a83021b,a5e450ed-7185-4e99-b4a2-59ae8a59ba25,3c187329-6835-4027-b8ff-3e5a9ab67133@somedomain.com
119,8852eb01-45f3-4cb6-a5c1-4871f963ca11,afbeb8a7-8865-4c15-ac4c-8ba655e45f6e,db8751bc-1671-457a-a276-6c816fee2f1b@somedomain.com
120,29f77498-25ff-46f4-95a5-ab9e801d7a8e,5a5cf9b1-cb79-4f20-ad4a-9289f991acbf,f3af33f7-dc9a-4253-ae82-81fab0561293@somedomain.com
121,3bdce1e5-efa4-4e2d-93da-7caf81304fb0,47e68e81-edd6-4c9e-9cb4-8e18c466029f,6411475a-0118-4d71-91a0-fc607f9f7a7a@somedomain.com
122,7c8e1ded-c0e3-428e-8324-2c75bfd42534,3bdffb9d-1665-46cd-b51b-90ae6d616d16,990f19fc-16fb-4d8d-ad7e-d676f2f6f03a@somedomain.com
123,56ade72e-ab02-41ce-8df7-e3b374d9c347,77b47801-e540-424d-be0a-5c524e3fd48c,dfc9ca80-0711-42d6-8254-abdbf2abb759@somedomain.com
124,2d506470-1733-40d1-b6b5-b5b098a71e58,8950bfab-a3be-4e6f-a799-53f23cde2d6e,040c1466-aef2-46ce-8115-5a29ede0339a@somedomain.com
125,580acfe0-9a9a-412a-9724-b03ec2e1893b,827c340c-d124-4aac-8098-dbd3ae23a369,dc2d5180-1053-4b33-8917-bea2584ecd7c@somedomain.com
126,82f39a37-df95-4d1d-9db1-38a273d41ec4,1a57d193-7b50-4b38-8cd2-4670d90a3b60,95da35b7-ccdd-4fac-89d9-af9937c3660b@somedomain.com
127,415efb19-7932-48e1-91ac-8ff903604828,d9da8fe5-08d2-4710-a8bb-7c0ee199251e,e2f9fefe-1d6e-48da-90f4-114ed8e68b10@somedomain.com
128,20baa772-0182-4ae3-b2be-ef47b0c6be9f,8d170bc5-c084-4314-994e-0f5a79176317,f5d42e77-5661-415a-9b2b-469ffe942fd8@somedomain.com
129,3db567c0-98da-46df-b40f-088302171c9b,f0545fec-cf02-49b5-8889-f5c58e56e197,c0f668c6-35f5-40af-9441-9a74b206e22b@somedomain.com
130,fbb75c03-273d-436e-a153-89956ec18e1a,cfed3a63-e844-4c0a-b079-c0718915b661,7a1b7863-d55a-40e2-8bf9-65b5060031a4@somedomain.com
131,087c8bd9-c5b2-4d83-b34b-5329a65aa2ac,90a10220-fb97-4523-9717-2f03b4c895bc,3cf1344f-42c5-4a48-8a7f-b58b81066a18@somedomain.com
132,10359384-1028-4a28-88d1-6e0b62593f5d,445b88d2-107d-4d4e-9ae0-e992024219cd,f5057828-ca55-487c-99e2-e889c1207d99@somedomain.com
133,ff7a2f73-831b-4b64-95f9-ee8418d3ca4d,ebc9bf6a-1518-47bc-a6de-2e169d020995,d2f74e1d-64b3-48e7-89e7-98659d1153b5@somedomain.com
134,eb4da21d-0a64-41c5-abb9-ee1d0a0d8424,55064ced-a902-47ce-900d-88f6f7fa2c24,c8d16d7d-5c9e-407a-bc08-e1d72692cd86@somedomain.com
135,fd5d58bf-b07f-4d4b-92ad-efead907ed28,b9fd85e5-0bcb-4a3b-a2e3-cfe27ceb0cc5,48fd0c37-4abe-4d30-9290-fc9fc111aff1@somedomain.com
136,2fc9bad3-16d2-4e3b-88c7-196c354ee327,89bdeba7-e877-48fc-aca1-b1f0630e1fae,db83fad9-672b-4c9b-9d6c-1edf259cee6b@somedomain.com
137,117a6f17-7a07-42ee-ac06-d9258a2c4c98,f0223e64-6b78-4254-9df2-26b8e4c3fd4b,d6971f25-13a7-466f-9709-8595e9c69159@somedomain.com
138,edcb528e-3c52-4e86-8a63-ec50ddc25c1b,5f530fbf-9a0f-411b-bc90-a2680c9d8544,207024f8-db14-45b9-9cb2-e1301209c664@somedomain.com
139,fa0e80d2-1bba-4b81-92f3-6d4b35cefd71,924ee677-418f-408b-bf28-ed39da42d525,18f604f8-0d79-44ad-9a3a-ff7278927f0c@somedomain.com
140,1bb4ff2d-4094-4af5-87d3-4af794a6d096,bdd9015e-bde3-43aa-afcf-88a38ce233f6,a47aba50-5d8d-40a5-b763-78209a298873@somedomain.com
141,7aaaa514-f7bd-4f2c-86f6-15b5571ce95a,70a5f1d5-7fec-4fa5-846d-25bf36b42800,467257da-0797-437f-bca5-34bcec0c6dbe@somedomain.com
142,33e0fc60-8619-4711-a97d-c4c35006c029,79e2ce00-bb0a-43e9-b41d-50f74de43d73,4ffb3f2a-30cf-4962-912d-c5db0c985400@somedomain.com
143,1712bd42-3a8f-47a8-a993-ac38fe11d051,cb16b90a-1025-47d8-8ee9-3d98adfc670e,8d733bc8-95c2-431f-8419-7f7526c6fb29@somedomain.com
144,451a5aab-efea-4f97-97b8-c6f208eecfe3,1840a414-8ae1-4fc4-b162-bac336fafa26,55e041be-61b5-464f-baf2-2c968525a081@somedomain.com
145,74c150d7-58b2-40f3-a93e-7e15b767807e,de2c71ae-c701-44b9-a01a-60374f716a02,684e2345-a23a-4c8e-8db2-e1d9b92f0e02@somedomain.com
146,58db1111-a24e-4f1c-ae87-b26e022fa51d,3f7ac427-035b-490c-90cb-b1b01c8f399c,a4d338e0-f93e-4ce9-a5ee-581374701a61@somedomain.com
147,fc7b9a56-74ca-4520-8179-f813ccd4b05c,6365483d-5634-42d4-be45-e6f9952daacb,7eb7371c-60fd-4013-b784-789a803181e8@somedomain.com
148,d0cc7ada-c120-49b7-87ad-ad0deaba5af3,c2c52214-789d-42ee-b8a3-4ce050c7d3ca,0fa825a4-6498-4953-a86f-cf5122cbc7f0@somedomain.com
149,93321f1c-32c2-4a74-b07a-9a8a5a732c45,f04c9eaf-4b33-4958-96f9-0e9f3f9205ff,6bd07cae-c381-40ff-8fec-6045d462a371@somedomain.com
150,5bd7a931-491a-4da0-b164-d09a1a99f067,70506079-3c75-4c3a-a29d-82fa8aeee141,b7cf418a-bef8-4d7e-b163-0ddd40f93571@somedomain.com
151,52b96298-71f0-47c4-895b-c93c4d42cc10,1aef0bc0-b081-4e21-ac22-91cd011eded5,7f31551f-14bd-49ab-86bd-15cdfd6d48a2@somedomain.com
152,c44f4de4-f5bd-4992-b9ce-278d6a5a5a4c,a628fd6d-3e9e-4724-a8c8-10eb86b33b7d,98caf553-17ff-4e78-a6d6-0306960f0496@somedomain.com
153,06282993-9384-4f2d-801c-f74772f6da09,cae2d973-79d8-41f6-ab94-fa5371578894,7c56819e-fc2c-4279-8c49-fc5d5b59d636@somedomain.com
154,5f9cd026-3949-4682-ad1e-bead2a60b29a,49a5bcc3-c119-448c-9d99-7c0b98cd6349,0adf3059-4965-48c5-979f-4670866c74c3@somedomain.com
155,738b84a7-2f4c-4f77-aeac-c0dbed5382aa,b1d32f3c-f705-40f6-873c-4fecd0b9e2f3,7408d32f-8a1d-44c7-b213-ed9102656c7d@somedomain.com
156,01dd19af-94c2-4468-ad8f-93d9ac89cc9b,6f08ceab-c54d-4187-a732-e04f618cf6fc,117f4d7c-d6fe-4dbf-80a1-c33e3991618d@somedomain.com
157,a5e51a3c-7dbf-4587-81b5-57ccced67802,43ccb899-1b07-413d-bc93-e47aafdcacbf,2cc9f947-49b7-432f-ac26-5172b681946f@somedomain.com
158,fa025c96-2dc9-43a2-939c-8e0678e075ed,f3d83319-631b-44f9-9966-6c974a4d0ad4,eda31016-e8ad-4584-91f3-18179dc35e1e@somedomain.com
159,590c6c27-ba25-4444-a4dc-90ab4ab76aab,fb9b74b5-b66e-4c1d-9712-da366f21de03,47cb8aae-091a-46ea-a08a-d5a8398cb3e7@somedomain.com
160,f302b435-0287-41b8-ae39-96a69433d5f2,34c9020b-6574-4c26-97e5-17145f46761a,ac58a0bf-8c3c-41ab-9398-cbda45fb3769@somedomain.com
161,90a07e87-74fa-4d15-91cb-4e3a9e9409a5,3cd1066d-3136-450e-b91a-33b5c7a71fe5,15449697-ad07-487e-bf1d-545d55cba581@somedomain.com
162,54855476-7019-46f3-9165-643770d32a35,a4ebbe83-7343-44a5-bdc0-f566fa7f1c96,a136df59-c99e-4ef9-827b-37dac87d643d@somedomain.com
163,7b184beb-7446-4296-b9a1-51cbb17e37c9,abc386a9-eb70-4fb7-856a-6a45a348fdc4,9cf9acd6-4fb7-4b32-adb1-b1e2ef233551@somedomain.com
164,dbf31bf7-57c5-4f61-90de-2b8ac0d8d381,ec38c100-2136-4579-b7b1-7a72255f22ac,78316f7f-be6c-4e13-b59a-78cc28e8ab4f@somedomain.com
165,aca749cf-49ba-4572-a4e0-a6d7ff3609d2,e56b4979-7eba-45a6-9f47-8f5a76720b72,f2cb3c11-763d-431b-9aed-53722a383cc3@somedomain.com
166,412ab745-cb35-4620-9bb9-d7f0dbf97852,0f9cfd86-2eb4-4d9a-9017-a2b5286fa6df,e624e092-f2cd-4b32-b8a6-3eef8c30e657@somedomain.com
167,36fe1449-99dd-4ed5-97a6-29036f476548,d56e2657-e5eb-402c-bcac-3775dbc7fc48,1abdae5b-41eb-4487-857e-f9d0d2e4d61e@somedomain.com
168,981aa0ca-fa12-4530-b658-868d2882dc95,8b448163-4eec-49e1-b864-74546360a622,ed16ddad-99fc-4e17-ab49-e7700c9fb819@somedomain.com
169,0753cf76-72f9-49ad-af64-eccccb5cce70,3684c522-18c4-4e74-9e19-b6faedc2227e,930235c6-d8a9-4a5d-8e1b-5571ba746397@somedomain.com
170,81c99a90-4141-4998-b283-2bd7ecca2ac8,b1098166-db39-449b-8b03-576347839660,9b1bbee7-f13d-4a04-99bd-32d294b5076d@somedomain.com
171,7bcfc5ed-efe1-4aef-bad1-ec6bf61a7210,539f5a05-65b8-4e06-ab77-f63cb54f0b69,b3d6c470-fd6c-4fd8-ad28-34ab451503e8@somedomain.com
172,0bbdfe1c-2a13-4d1d-87ea-b79c9e9d928b,c1c3cc5f-02db-4af2-a948-523c89d21063,bb88d51e-8251-4927-89b7-1f7554fca582@somedomain.com
173,889f3e65-c657-4202-a072-e706fffd590e,07a1bee8-afbe-4908-a24d-47f26825536c,418c9edb-4626-45d2-8a5e-88092e1cc03e@somedomain.com
174,b42bc9cb-635a-4bad-9cff-cc44616f5db8,842d9ae8-e630-44fe-8ac3-dedd2f70c0c8,7fc3bc7d-6f58-47c6-8e9c-e0ec0ede55bd@somedomain.com
175,66543bca-e953-4019-a68a-8a7907771348,4e4012a7-a87c-4bb4-bdff-b2b46a49ba54,e59ea0ba-5e86-446f-8559-3e570c11ca1b@somedomain.com
176,11cc00f1-f966-48f7-8901-230f4425bde8,92428ea6-c10a-40c8-8afc-59f0cb4741c2,3686fffa-d56f-43ac-9d9b-b935e1b51588@somedomain.com
177,ae40d3ce-d2a4-4d8f-8a23-d598766eca6c,2a63f257-ce03-403c-874b-2bd9aa9a543f,45350a1a-c6c2-4bfa-8f06-eac673cfd4cc@somedomain.com
178,363f897c-71cc-4278-852b-5278c5940ce9,a2523dc7-17fe-4003-a4ad-cb3e8edc783e,569fda39-10f9-4de9-8b0c-76b7f9335c5b@somedomain.com
179,f7e7769f-de3b-45fe-b117-497a0160271d,c51ef397-93b9-4929-9a40-dcd4fda80ab5,9f11af2c-1eba-4a88-9ac3-27e73ab241d6@somedomain.com
180,ec867c5f-0bd5-4ce0-93c8-de7ed5b411dc,4c7d223d-e0f6-4812-8fab-dc405a83e533,f03f7c75-0f9d-4b8c-9409-f6057b1dc963@somedomain.com
181,64d042a8-3124-4cf7-907b-aa5a32c37d11,adbf824b-9987-44e1-98bd-9e472a481802,66f381c0-a9a3-4a25-a2f8-6efa114678ff@somedomain.com
182,b6734c30-f2c2-4ee7-b842-28c9c2c6d5fd,c275ae01-5001-457c-a20b-f5d9f3b9164a,8e4e4cfa-3016-4f15-91c1-ea31d0c74b81@somedomain.com
183,061f33ec-494d-4a2d-b100-6e84f28cc5db,4aec6e4d-aaff-42c3-886f-e60961419bbb,52976c5c-8fc3-4ada-9565-96be250d1599@somedomain.com
184,1e35e3ad-b1cc-4f25-847a-b3de3f5b9810,5fe9ec5b-8f3b-4264-bd29-117519be7e76,6e01fadb-3f51-4653-a476-8f4850dae248@somedomain.com
185,0c928f76-810e-4c92-877d-290ca99392e9,93853afe-c086-4859-9f21-026a7f414605,05494ad5-c9df-4ca3-9432-4cc701c392a7@somedomain.com
186,6005759a-e0ca-4088-a22c-6515d7d14069,2f59661c-f54a-4a34-9c88-b5fe9413ae0f,c53ce89e-dae0-4ff6-a828-1e2345f51311@somedomain.com
187,220ed081-fdb8-45a4-ac88-f0003b4217a7,0a2df7bc-134d-4256-9171-d292723c3cb8,31369cd9-5420-4c21-b383-e2a5c71930e6@somedomain.com
188,a7dc0f81-5eb0-401e-bd3c-9ca9232619f9,9c6d273d-1c87-4e30-81f6-16d2619998c6,a9bd8b8c-d8bf-4f1d-8988-d1c2f6d5a7bb@somedomain.com
189,a299cc37-6e75-4b6d-90db-f03f4430985c,7dfed516-f3ce-411a-905b-cf67464ebde0,9b0e68bc-dff1-4e41-9e76-db8327f81ad9@somedomain.com
190,7e664890-dc94-4e25-b310-62b344945587,2ce1b007-7c52-422a-9669-aeb3c1d7dc42,04dd5bcf-bdfe-4ea6-afdb-1dd14c59101f@somedomain.com
191,6fab67d7-f309-465b-a582-5754cb10b4e4,f678c654-4cd3-4849-9ab7-c26aea72d5b1,1bc1e122-3fe4-44ee-a1fe-fd5bf40dbc9a@somedomain.com
192,d9a6c5b0-6393-469f-b0aa-810cdc6722e1,5f86b25e-5f06-40a0-ab00-6afb21e96c83,274ceb71-999c-4d0e-8245-c1feb6e06ff7@somedomain.com
193,eae07df8-d09c-4ff4-aafb-7f71365551a7,2305308c-1298-43eb-ae57-1843a8b0837b,1204529e-d46f-444e-adb2-671019cb7e90@somedomain.com
194,69358df2-8502-4a9d-bd6c-749c57a8d7dd,49a76a38-0e85-48fd-bdbb-2ddad7d68940,5cecf981-663b-4432-bc7a-7c2859085300@somedomain.com
195,fdf19911-1498-44de-9de1-1c989233d94b,e4dba719-7928-4d2a-b4c0-2d75641fd6af,c1545977-76b1-42a0-8432-7f64cb5624e1@somedomain.com
196,1db7fbb4-ac06-4fb8-a4c0-a1a542a0d2c7,1f7697c6-74f6-4b2e-b6c5-f29568b69116,0e027cef-9f8e-47c9-ae78-5fc09739c8b8@somedomain.com
197,30d19aab-4eec-45a5-9693-3bf84704d9dc,1bf1a526-805f-4efb-a560-122367e5d786,6dba251e-a4e5-4755-b6a2-d22fe37bdea1@somedomain.com
198,b990f22c-7c4f-4804-8dd9-23fe7941a5cb,302ed561-0a9d-476c-95ca-f9906b6a1a02,6fc02a99-b7f7-4142-a0bf-0646c72e154a@somedomain.com
199,a4c66eba-ba2f-4d4e-96ff-9ce918b341b3,9436a017-0169-4957-bcb6-ee636be2f4f0,1455985e-61f0-4f17-bb42-6ac0088d3b3f@somedomain.com
200,4d3ab741-e8e0-46be-9d38-aad52569435e,93b36562-27ff-4ec1-9130-24900473fd15,4a6a9a2f-df70-4354-acf3-90cea6ceefe6@somedomain.com
201,60f6e8a1-31ca-4aa4-9292-feb4dd31e5ff,086b1b3f-1267-4a11-b30c-46eb0ea21c88,02b7ff33-bd62-438d-913a-afc1dc866bac@somedomain.com
202,db33ca08-2b69-4b75-b476-ddb85e8fb14e,36796a56-46c6-4299-8d34-4162c57e2cad,1437ce17-0bab-4e65-bd40-0c07f7552806@somedomain.com
203,2c4b1864-df54-423e-8f98-347071088075,2e650eea-7274-4eeb-8179-73a9ba351445,281c0a81-9d8f-41f8-b837-59e8c9ded3a2@somedomain.com
204,2dbb434e-3baa-45d1-950c-82f3079a11f2,12355741-0265-4790-9766-3a23aa7e7c2d,a3627826-033d-4165-a5dd-6a243a4f1cc3@somedomain.com
205,74596186-bd70-4e7f-a37d-c41cf424b3c7,9f5db388-a157-406d-9574-bca9a95eea85,33369954-4a25-463b-bdd9-257b0c557a6c@somedomain.com
206,63f91ce2-2c46-4dc9-ab84-24a777ea042f,7235319e-c0a1-4520-bf68-dfb6bc3e9c28,4c0246ab-0936-4452-ac75-68fc0b5706d7@somedomain.com
207,c95ec41c-44fd-4fa3-9976-c5242ed6f448,994aa349-4be7-41b9-91ce-bcd7fe023d56,dee2fb18-e875-4455-8e3b-6d7641895c20@somedomain.com
208,af37e914-e02a-40e1-901d-cad19954ecb8,915fd5f1-e962-4ca6-b929-48c951184bed,25c8d19d-ced9-4ea5-b394-c6da91eaddcc@somedomain.com
209,82321d68-5471-4c8f-9c85-b93470533bfd,849b4075-580d-455c-949e-803acf1f3b76,24fb17bf-d740-4f64-a97a-d3d1a4a9ba7c@somedomain.com
210,148ce62d-8e9a-4fe3-abda-aa44df44182c,8cdf3618-018e-4e13-842f-6942a87a1d27,31f05065-c4b2-496c-8949-8c018757e85a@somedomain.com
211,ebbdd1a1-8b9d-481b-832c-0282e1f871e0,ad282bb3-a775-44f6-b262-1cea48501bdd,a0be6e03-0cf2-4251-9271-d0413bacf2b2@somedomain.com
212,0ed47a20-b8f1-429d-b537-4e0b4b0a5da5,d1cc6f30-1673-41ef-a123-2f082c96a40e,7e0f1749-b0ac-4620-b452-ec01c28030f0@somedomain.com
213,2c97121a-7190-4075-b6b9-321ad0622d40,0f8b3712-ac0d-478a-a805-1e73b530fe6d,ff66ff1f-bde2-4c08-aa87-406e91d25f95@somedomain.com
214,ee12a385-dd89-49dd-ab8d-19469d608791,5379a8c1-d106-4d8c-8220-9134d0d4d70c,4dc839bf-7e08-4171-b81f-bed45bb27bff@somedomain.com
215,79483c76-9371-4a02-82b4-d4d8072de3e0,922be2d6-05ba-42d4-b39f-56402608e7b4,20f3b4df-f2b8-46b5-a893-20fddcfd79bb@somedomain.com
216,462ec087-63e0-479a-834d-8a6b0f5d9a4d,0800fc56-1515-4e7e-af04-8d423aa7b902,a6e10b1a-a3b7-4429-bbe6-f10d31b04419@somedomain.com
217,cd391faf-abeb-41bd-bd7b-11b29a13bac2,4db7f353-fb64-4ad0-8f12-3a46a1245f54,12ac8659-4609-4116-83b3-afc2b4af4d93@somedomain.com
218,38ced61c-3eaf-4d07-b4ad-f9cf028fd8f1,0d086a73-c517-40fa-8812-ae4c92ea083c,ac01832a-1732-4a90-83cc-7955d19f2e3d@somedomain.com
219,d7b26d1c-2878-46a5-bec9-4b7d218cc5bd,c3807555-330f-41d3-9244-782d2c2a6f77,1a33ff3b-006a-4362-880e-00f7748757b4@somedomain.com
220,8ecf4c6f-aef9-415d-a2d6-5cc7a1f86009,0f251849-5472-4381-9d32-a3d82e884a8f,e89a7e11-a077-4bc3-bba4-2f8f3e2046cc@somedomain.com
221,86ec4499-f627-4cf0-884b-f9833f1a21d7,3090b966-2e1b-4486-be7f-352a571c6cde,559687a7-9468-43c5-b203-8b44668460ad@somedomain.com
222,ba2f7fc1-650d-4da3-9b59-b6c0034f5a3f,56901cb0-dd6c-449d-8db2-4eff0848c079,ba49613d-cc29-4724-b140-5a4f60571706@somedomain.com
223,ead44139-e58d-41b3-a0c6-794b614719a3,956c5a17-44b6-44bb-bb80-b6c272634e94,67c81b97-6703-4e81-81c6-7249e5171e1e@somedomain.com
224,d0501ce4-47a7-4bf4-99a5-f5b90844426d,98a769c4-bfc9-45cc-9aef-062ef3000067,4d9b7c67-6eee-451b-9acb-2a66e10f3d34@somedomain.com
225,22bfde97-a8f8-4a8f-99fc-3383c228c516,30bf4cb8-ed2b-448e-83a8-f3b6354b905b,1c4fa59c-1fd5-4052-b2dc-ea0208ba3f8f@somedomain.com
226,651ac81f-027b-4d39-8e90-0847a3e0feaf,ceb64f8e-58a9-499b-aea3-74a9bc0a1e19,4c83a924-c845-43ec-aeed-097e1fb62864@somedomain.com
227,f4612dbd-567b-4643-9ce6-c3e81a8b163e,0cfd578e-653f-4c65-9cca-2d9480c9127c,1ad99925-63b4-43db-a8ed-a00c1bd7b75c@somedomain.com
228,6f50862f-a867-4ab1-b644-7069bb25ab03,342bced8-6c84-421c-83f3-dad24143ab32,f497a331-d1a3-4ade-86ed-ee53f3bfb8da@somedomain.com
229,5a077d40-71b4-487c-9ecd-15713821cd54,ac28ec2c-39f2-4d6b-b33c-994e9b96b6cd,6da98ca1-4604-4cf9-a3d5-c42637649548@somedomain.com
230,96ade629-f007-43e5-9f0c-e7d4c7ea397b,d54faf0c-cd3a-4f97-ab4f-a829f797e134,0cc5b947-5a13-4b1b-93dc-18a10c50a737@somedomain.com
231,bfe83c43-cc24-4e47-96a3-f70b1ab99ac4,d6c8eaa3-bf4a-445a-bdd8-39cdd31c67a7,ca7839c4-63f7-4bf3-9b94-ab224f4d1f08@somedomain.com
232,9ef40543-2154-4030-8b80-94a437944139,fef15b19-f6b4-4a83-8e8b-2eb302d7f893,c03567d5-6134-47a0-9e9a-a253ac96ac6d@somedomain.com
233,ae3f5bb0-00c4-458b-ba72-555727fbb7c8,ee4efbbe-e879-415c-bad8-1f54c14ca5fa,b9ac4b30-e422-44f3-8059-dfae17c4700d@somedomain.com
234,c609a33d-da3c-4f11-9a7c-15427984b6c2,c219a653-5750-4dd1-a7a8-31e0a0c6bcc6,dd42efbf-6384-4cb4-a956-0dce6b7e07e6@somedomain.com
235,fd51546e-c038-4339-883f-8bb4bd5d4a5a,979e437f-a3d7-4c83-98c7-684c9379fa60,0f156c9d-ce96-4f98-8b4b-4a11b3d1f881@somedomain.com
236,1f6c3fe4-0d2c-4db7-bb41-2b6c6c4051eb,46d00d5c-5c43-4aa9-99dd-b05ccd95c6c3,7c9e1ac0-d213-4c7e-b87a-7dd26c281081@somedomain.com
237,736fb2cc-70ac-46b8-86cb-8114b66aca56,a9aa4b65-e64f-4426-94f4-8208133d31b9,fcfa1c6f-ab44-497f-a0e2-809084a52e9d@somedomain.com
238,5015501d-31d6-4fe9-afed-3b92ad317483,ec19ea40-1f50-4b98-9e7e-50e3609c704d,20f8fc28-4834-41f7-b907-e357289ce23e@somedomain.com
239,be87aebf-8c78-4344-a5a1-b1826d04e12d,6b013cc6-b59a-4f00-bb9f-c1b572b2d42a,e060c291-7bc5-4ff4-9d76-22a939c5e41f@somedomain.com
240,92881753-306f-4e52-a785-b3bba1e9c329,27d25089-9a78-42af-a78d-17763379c9dd,72be3c87-f36c-44da-ae6f-6c26a713cd1d@somedomain.com
241,0533e0b7-e598-43b5-8904-dc1d9c39fc76,d6ac82f8-327c-4a78-8f04-acad0641223a,40e3d51d-c440-4818-81cb-9771109b1fd9@somedomain.com
242,f9b82a36-e5a4-4720-8f11-85653c873b46,198dedd3-2f50-40cf-adef-71265a06b03e,f89672bb-46c9-409e-b825-548d1ad90cb3@somedomain.com
243,07f0435d-23e3-45e0-bc81-44c208d286bb,f5d1a222-3f21-41ee-a0c8-d941d908da6f,05a9672a-e4cd-41f3-af6a-2cb01c7ca1df@somedomain.com
244,c67261c9-c8ab-4f2d-84ec-fc9d7802c412,e8150203-18ae-4661-a5b2-9224fbb4ab0e,4e5ad05e-6e33-46ef-8f3e-d530d51f2116@somedomain.com
245,dda0adc6-4954-4305-b2ec-25ed7f7dd2fd,aa4db774-635c-4bb8-a7e1-3314ff7ef0b7,eb29476e-7b6b-4735-9f94-9cf257ea7061@somedomain.com
246,79f95cbe-b8de-40bf-ab72-bffc26af1a91,dd86e2f5-cfa8-4e0f-9f39-1764a43d76db,44768b02-b8e7-496c-9c5f-611aae497192@somedomain.com
247,c5f25f79-9c32-4391-9866-09b87fd3986d,92002b93-e980-40b0-b9df-a9c021fdb417,191a2c66-d309-4e7d-bea2-1f5e3af15298@somedomain.com
248,a90b7760-bde5-4d31-9ead-817a8d8f7cc6,934ba41f-c770-4cfa-b458-6fbdf6eaad33,c7894b50-5c0c-436b-950b-4f7d292f0912@somedomain.com
249,4bb8cab3-18b1-486b-af8b-36efc964159e,2903d371-20bb-4042-977b-fc5a628458ca,db5037b0-6307-412f-a286-9e732837dddb@somedomain.com
250,9c395285-e635-44c4-84e4-23bf44f96b2f,3c23c19b-df90-42fa-b711-f790a05d3a7c,ce63d571-8545-4176-befc-dc5909e51383@somedomain.com
251,7fdab066-84aa-41ce-b06c-e09a4e6e491f,b58fae1b-6ba7-491d-9abb-f071350f5ffc,2a34b918-ce74-4291-be73-614a5417f163@somedomain.com
252,27d5a7d8-b9ef-4f34-8cdb-6f5bc8dc5858,7ae67d22-0e38-4551-b14d-7b3903f8ad2e,1b13e122-086e-427e-b603-4161777f4c4a@somedomain.com
253,9208fed9-1082-432c-a40a-684216c284ae,5ef013f6-e591-4dc8-996f-b197214ba2a7,85107793-63c6-4918-a8b9-e7ad4aa9d467@somedomain.com
254,28cb1e9a-f810-42ad-803a-0be74ab433e6,26f53e7f-3231-4fac-8593-3b63f4f5531e,14ef1ad8-80d5-4fb3-8f4f-f8626dfa44c3@somedomain.com
255,1ac909b0-a212-4f4f-a476-6026650b21ba,4faa1c26-533a-44bc-9700-e18a0f950543,99f306a8-9964-4471-a958-3a4041b0aed4@somedomain.com
256,b39da339-c7dc-4e08-ad45-5307dca53d64,8a9d199e-aa78-4e4d-8265-a3ff97ee25f4,0a25e89b-004a-405b-b1e1-328765ec8dda@somedomain.com
257,e1a9d016-3b54-4ccb-bc18-c4cde658de60,ea82c692-14d5-4089-a02d-95c651652c75,d20c962c-5dd8-4eed-875e-4a053e76aa84@somedomain.com
258,ad3c3252-5444-49a8-bd3d-4f190c3b78a8,055e8968-b454-4051-8dbb-bc71c287e977,18080af8-2a40-480d-a5ff-50f5b178ed22@somedomain.com
259,4e9d74cf-b00a-4fc5-8ecf-a420b8757c51,4713187e-27da-4e5c-8ac8-36980f83085b,e6a0c549-c6de-41af-aef7-9fb3b302cd27@somedomain.com
260,76891927-ada4-4b63-9c99-4d8efe6d2019,191601f5-e52b-4742-b9be-e7d318b6cbef,e80f3fa3-e5bb-49e9-a86f-bb5433ec62ec@somedomain.com
261,c18ae7a5-beca-437c-a1c3-f84da3f1622a,b7c8346f-2d7c-445e-a082-4227f713dca4,cb928bb7-dcb7-4b9a-b180-e359413b00b9@somedomain.com
262,92dcb9f4-94cd-42b4-a9c0-e0522a75a15a,88f7140e-e0ac-476f-9eb8-e567f9dd36ec,524fba92-0344-426f-b6ad-02e30c9f0073@somedomain.com
263,c7055c95-bd8a-4b94-822e-dfcf6b79c4c1,de325e41-a668-40f9-a9b0-bb04c671645f,9a835880-30a9-4fc9-b54c-54b3d06b87e2@somedomain.com
264,b1c85dee-ee2a-41af-bd5e-16828406bddc,e137c67f-8b85-4675-86b2-b33835168739,a16767af-b065-45f6-bbb7-a11b9fcd5417@somedomain.com
265,9889c109-7f13-4714-98a4-b27cb7c15ef2,cf7294b6-01b6-48e1-ab3b-8307a91b0e36,2a3e099f-ece4-4325-8417-90e831fff080@somedomain.com
266,9794b820-40fa-4b8f-8615-ff0b2ba32816,d3b485e8-8adb-4454-9d8b-79b7b4616b7b,338dd72c-09fe-44ac-a1fa-9b5470d622b8@somedomain.com
267,892c5050-5b0d-43ca-af01-c257bbed923b,0e8dbfb9-793b-4ece-b291-0e228641ea7b,8bda26d2-fa82-4a30-9f8f-4124c89bca3f@somedomain.com
268,6414d310-0395-4066-b388-a5aead51060a,e2fe32aa-03a8-4d1c-9ac2-8246bd4c1c8d,50db153f-c42b-4488-8681-9a6c57532eb5@somedomain.com
269,0c9117dc-fbad-49cc-a375-2dab912b518e,a5139cd6-efe6-4805-9ae7-7327de286fbe,c94b3ed1-9929-4e30-b6ff-e6492b74130e@somedomain.com
270,6f1379ba-60cb-445d-ba83-22876c2fd04e,eac43e11-cb4d-4f4f-8828-258166dde5fd,b332ed48-f31c-4a16-8690-8874321d8366@somedomain.com
271,03996990-c730-4d71-81c8-367c1163f340,e2a93e9f-2830-4b3e-8ad9-940babc9e1ef,8a178812-d600-4985-923b-555bc3644ba4@somedomain.com
272,fd939da2-2214-4a5b-bb48-04dd66c8410e,3c1d4566-71d6-4dc8-b982-92bb57ad9014,aa85bab7-2327-4ea2-8c70-861a04798d65@somedomain.com
273,8f2e0f92-9cb6-43a3-be67-857fc6553d6e,5b40c827-1cfe-406a-8787-62a1254c2a56,1c27183c-5888-4f75-afda-b49cee558f73@somedomain.com
274,5282fb73-358a-4e7e-b4bd-10643cb2569d,d2f29089-b65f-4e6b-a4ea-78e7cc3bbeec,be1563ac-b062-4fec-a543-1b86c275dbfb@somedomain.com
275,53e7b914-558e-4a29-93d0-66e9e85f8e43,290bb88f-58f7-408f-bff1-4e96d42e045c,f58f1a9b-990f-4f06-b26e-13377844e556@somedomain.com
276,5fc1b463-50b1-4596-b483-392b6a181e9c,e0dd9947-0136-49db-9734-e170ac53578e,ef16f300-a3f8-4028-b10a-6a5491d4672e@somedomain.com
277,7f138b2a-c8c5-4898-85af-59e35ecb0bc0,6493070f-2b30-4e90-9e93-5efcb47601f0,b07a87e6-acc1-424f-b775-cb4f722590c4@somedomain.com
278,1e081ab4-28eb-4981-b39d-b6445391d939,f282fc5e-da13-4f7c-a3b8-66e2437509b3,d4e3c4c5-75dc-470b-95cc-a2c72c32f0f2@somedomain.com
279,7fa15747-fb4d-4bce-a8d5-42868880eb8d,94997768-50e0-4c6f-9df0-aae5e3d83e6a,e5ce530e-31f3-4b6d-81fd-ca81a4014023@somedomain.com
280,cf4d312d-ee81-48d2-9d65-6bc16fd2ee85,6f4efca2-90c2-428f-9e01-0c05128253d5,233f1eea-40ae-489e-a5cd-2ba5e3c3f031@somedomain.com
281,95e86313-e84d-41a5-bb85-ca1a74781805,6f0071ff-4a75-4162-a042-0081280b13ac,6372393f-2d18-4b80-a2fe-24d1c3db32aa@somedomain.com
282,72b4f81c-3b14-4761-8d4c-fec603b615aa,428a17cb-fe91-4042-9696-236a26d46130,229f9d26-8042-499f-bce1-a2818d4d5ff7@somedomain.com
283,44dfa7c3-1de2-4153-bd08-8059bad0ac20,23b89d38-0a99-4a35-90ae-ba05db9574c3,42618cd5-d649-454e-a274-409e44e2fd87@somedomain.com
284,e6f089b4-ed74-4bc3-bad9-cc1d6d207026,ea2291f5-680f-48f8-a08d-df1e43627bec,0231f5b2-aee1-4114-b099-cf130cd1b759@somedomain.com
285,b3444db6-6ede-44d0-940a-365f2a007cf9,b4526427-2097-4759-b8ca-94a746fe18ab,76a9362e-a8f9-4207-9ad1-b141a18c3aee@somedomain.com
286,ac9faf33-27af-40c5-adc4-ac4bd978b738,e7506be0-51b6-4d43-bafb-90d543859122,c09b8d75-3a0b-4b52-81c9-8956c0fff3f5@somedomain.com
287,7318ae56-22c3-40a3-b62c-24584194eb31,3c583cf9-b57a-4e9c-9336-aecbaaf1e911,c9e16610-dbe5-4a76-8dfd-1a85677789fd@somedomain.com
288,4c514971-27fb-4f9c-b62f-da0a1f3fcb2a,08406a99-27a6-4ef3-903e-5aba0992076a,4f56ba48-902c-476d-b93e-69a616ad28a6@somedomain.com
289,b033406e-cbd1-4c49-8b83-37ed6d88616d,91c27e5a-d14e-4deb-91eb-c14f38ac524a,a24a0975-5ffe-4eba-b43a-65628ed13990@somedomain.com
290,c9c39ca6-e1ad-4462-baf9-3dd0250cd2ad,293a14f3-f1f0-432e-92d9-35abb74d638f,807b5f32-c4c4-46c8-b22e-38b390977506@somedomain.com
291,52f02c8f-6c3c-424f-b815-97e0c57454ec,940645df-a434-4377-a398-4d26664a7b45,1f66ccbb-96b9-41ba-9f46-287a4ce3243f@somedomain.com
292,edcd5c61-b614-434c-ac2a-a61c575be71e,7980a6a8-65ff-48d0-b57d-8a96288fda09,6112a4e7-11a7-4cc4-a986-2d43500c89a0@somedomain.com
293,738ea334-1696-4ae9-8bb1-6dc881660692,586fe8f3-1db3-4b71-986e-ba21ff9aae90,f3e5fde8-5fdb-4bd4-8a4d-f76af6db2e8b@somedomain.com
294,963f7732-d251-42cd-a15b-96f87a5b0072,743e0040-6253-42bc-8130-65a24f90954f,3aa1ea59-2461-458d-9ac9-120dba2964e8@somedomain.com
295,84f9e1f2-4c3c-4d51-a8aa-6999999488f8,4f5f7cd9-0b31-4075-99f4-068d52ce6f29,33cbe904-799c-42ac-9aec-742db116548b@somedomain.com
296,b2878623-3717-43ed-b3a7-2c4a9f65eed2,47fcdd15-9a9c-4128-97fa-be8c236288aa,f0d45f79-afdd-4123-a238-20c40c012962@somedomain.com
297,d598bb3e-f250-4845-b547-81b560133a04,b0f13f9e-0812-4c26-9fe4-4ee9c745a8bb,82d67fb3-4775-408f-bf51-cbdd681afe04@somedomain.com
298,689466be-e5d2-4a6e-825e-3ae49430e85b,4ad1753b-1448-44a3-92bb-c2d44fdf6c2d,9f04abd9-263e-44fc-a54e-9550792fca23@somedomain.com
299,80d16061-f49f-426f-af1e-46d6e1a8bef3,f9869ce2-9599-4c60-87c0-4e36f12d9546,7bf959aa-723a-4a03-900a-20791e1ce84d@somedomain.com
300,ec0642e4-cb84-469f-bf60-7323260bbc10,6320d278-0d6a-4074-bcc8-1cf0b6dfcad8,3d096459-6298-43cc-8b9c-031aca0a6c37@somedomain.com
301,10b83a20-08a6-4b97-823c-de06368f0c38,4ec64d6e-c319-4bba-a261-78062cb05d72,992b2369-ebab-4e9e-b184-257bc7730b2d@somedomain.com
302,9e4beca1-766c-41bc-badb-85aac3f764f0,3efc7fc2-0b7d-4a96-b5ec-02bb8cf6d99a,c8025218-6e37-497b-b07f-6fdcfdced4d3@somedomain.com
303,8e90d7fc-d987-490b-938a-d5c106034f8a,977757a6-c399-4dbf-86b0-ec83e566708f,9cd568f9-ef4c-49af-ae06-8bd68e88115b@somedomain.com
304,baa7a03d-8a5a-4053-9401-78b210007cf8,24aee1d9-8c9f-45b3-93b0-b22606e57728,f1a26d6a-c06d-4442-a03c-e71f71eeaca5@somedomain.com
305,467b2e5f-0cee-4a5a-9763-645e84580bec,f6321fd1-38e6-469b-a50f-320ca05c5a2d,c7c39a1b-7d88-4128-b230-04a1ddf3cfa3@somedomain.com
306,017ca3c0-5e20-4804-aebb-05cad98b26db,82243c2b-c587-4cf7-862e-019d4ad359d4,495fe524-b14b-4a50-8fe2-b4fe37cb8650@somedomain.com
307,9a9b2eb0-791f-4a3a-a7b9-168c35b0207b,ebf06ae9-e7a0-4810-b94f-03bba50cf962,592fef3e-5c9f-4b08-bed0-d7283d536f4a@somedomain.com
308,37dde9bb-65d7-48c4-843e-610ef872edaf,04f3b664-0631-4dd7-b457-b426452548a8,46c7cff6-f9fd-434d-a7d6-a4542eca0bfb@somedomain.com
309,4845a219-570c-454a-9867-ff9966f1746b,3bdf1e68-046f-46b3-bcfc-2ef957272bdd,28b135c6-717d-4922-911d-75ab854f1b05@somedomain.com
310,28dba344-24a7-4f83-b487-5e79c32e2ec4,4475466e-5d63-4bd8-90d2-f1148620cd80,3201f66d-a536-46b6-9842-a694ca60ed29@somedomain.com
311,e93d1695-e039-46d8-b33a-1ee3bd43c90b,8489b9bf-b649-4422-bd9d-42d110cdf30c,2b166bc6-83e0-41c7-a834-3e136781c63e@somedomain.com
312,79064bd8-df42-4761-9bec-5b99f5c5aa65,94d86867-ac80-472e-9e66-4e722c788e56,9cf8a864-9a29-45a2-b013-d8d04843657c@somedomain.com
313,bfa21848-9990-4576-bdbe-45df45e04b53,8a827f4c-b4d3-4b9c-be20-f5412e8408c2,e75a2ad3-3e7c-4572-808d-cdeb81813472@somedomain.com
314,d7e2187a-070f-4eae-964f-8a22b40b6841,7a7e7d18-d594-4213-995e-b5b2e72e6aca,ff0ad0bc-946a-4272-947e-87d7d1949a12@somedomain.com
315,fcfbd422-faba-46af-97da-4efcf0c0dddf,7c15ab97-5b08-434d-bc6c-c57678b2fd53,1efa7211-660e-481e-ab89-0ddbdecccf92@somedomain.com
316,156006bb-a2ef-45e4-a336-d19a11b50cd6,5bfe539a-7f51-4316-a5dc-7506b180e267,9d638004-ae2b-432a-82d5-a34b7ae2aa82@somedomain.com
317,f482f285-fcef-4a9f-bade-cf2234eb9518,05820809-824c-4443-9530-357ef48b0ed6,c5eb20f4-0c61-45cb-bbfd-5cddcdd395a5@somedomain.com
318,18fc9d81-35b3-4a42-8ab1-91231f26f734,5c98d5d2-f467-402e-9f85-887c21edba16,6ac1ea61-4f27-434a-bca3-aa8686215dda@somedomain.com
319,f26fcfaa-c25c-4540-927a-b7546f768c96,b530fada-be69-4d65-9197-f59b091dba30,03d58a7c-a6b1-4701-b4a0-05e79f843db5@somedomain.com
320,8880bda0-8e24-4bc5-8706-a29d9d3a770e,bbaae871-2e69-41d2-982f-ade41c90ab20,cae24d66-97df-400e-8cd7-d1db87b5475c@somedomain.com
321,ea9e503c-96ae-4012-859c-c86ad74db93d,cbcf7947-0d1e-461a-8373-c5b7c8da5eb5,b17f2c91-d0b2-44d6-abb7-c3524f149224@somedomain.com
322,e6aca6b5-18d6-49cb-9d88-62461fee4efe,564998d4-2e3c-4b23-aedc-97183bbf056c,96564228-d554-4b2c-bf74-ccd2cb9dfb18@somedomain.com
323,67238462-66ce-4d03-82bc-5999e3cae033,9cfe3637-f04c-484e-92e3-aa655d6690d0,715df41e-744a-4123-a2e5-79afdbfb29cb@somedomain.com
324,fd7e1c1b-31ca-4886-b25c-ca3bd661f1ec,6170f98e-76d3-46fd-b97d-20c6c4e8a7f5,aad20a02-4478-43d1-8da0-c711cd6c5142@somedomain.com
325,32d1002c-1662-4de0-ab64-cfe513784322,f9f9e3d8-495b-42a7-8b0a-36a9f38edea4,c8807397-f898-40ae-9d97-f7663a620fc6@somedomain.com
326,e8885d84-5119-4276-96c8-7b9991c7921c,45534af4-c941-4313-9343-e79af2099e5c,63ea89bf-2a83-4170-8272-814d9c3e8b85@somedomain.com
327,8faf59ab-2ef0-44ea-8f17-30a4f41c2385,e184c6cf-ee59-4994-bbff-30dbc193c5ba,110ad115-7678-45df-bc98-cc821281f373@somedomain.com
328,c5f88d8d-24e5-486e-abcc-155ec2f6b363,775a69c9-684f-47e3-9bf5-9588a4999561,8c886522-0385-4704-9280-c6a3aa303762@somedomain.com
329,d4cc6a0d-b970-4013-a73e-6bb701a641f1,1b2f69f0-97c3-4fcb-a0bb-485dfa4c2e91,a5d66947-98cc-438c-a744-864826aad719@somedomain.com
330,6467c8e3-e3c9-42d4-a732-b30c8e983d53,13a4bcc0-80b8-4d37-b01a-414e62965d50,1823f05d-1a68-4b5b-87d2-13a01f8a06aa@somedomain.com
331,bb973fa3-9f7e-4ad4-9f2c-0d50e40a0d67,7a24e2c9-5b55-4996-b1db-130265774e7c,3d6e7607-475b-4206-8819-7b67982d691c@somedomain.com
332,0ed7dde0-5b8e-4f7b-b047-784d20bfe8a9,d12246ac-d2f0-4f17-a0ce-f6f74e56f78e,2a14329e-61e1-462b-a423-924bff16f5aa@somedomain.com
333,53de17d8-a521-4d06-a87c-f66a9a03e4d8,3dd9218b-f241-4275-9b51-2a1f99d229bf,b626158e-847f-48bc-b593-1c6bf53d8104@somedomain.com
334,9c7bff24-afdf-426e-9ce1-b7d318e6caf4,1e565cba-a17f-45fb-ae54-888661b4ee62,03acf935-00b6-4602-b9f1-9a895f26cf4f@somedomain.com
335,ff792fea-30ff-4b2d-b650-9ea4389fb296,5e6b2736-b106-4906-90e2-a2e42196bb5f,99c58877-2a85-47a5-bcf2-c7959ec31105@somedomain.com
336,f457c8c8-5061-48e7-aeb6-d08a51285cf2,53068554-6d9f-4f97-b762-c7e981d3d88e,e93dc1a2-df33-448a-9e20-12efed2ee442@somedomain.com
337,38e2d51c-cd92-41cb-b6a2-212407471569,13e68c4e-89f1-46f4-a23a-52a54524fd85,dbe65152-79d8-4401-ab5e-1bdb2e6e86e3@somedomain.com
338,5e15fc7b-5966-46bd-b68c-695d8222bfde,074a048e-455a-4211-8d18-12d184b31e65,8791999f-179c-4ca5-bf4c-6b1279ab2531@somedomain.com
339,31bed75e-e883-47e2-91b0-1d0811b5c926,2c4f94c8-15c7-49c6-9414-19ee905aa162,5345ec1e-13a2-4b24-95ab-0ae0ecff645c@somedomain.com
340,758fd44c-9f6a-4d42-82e9-232f9902d2f9,3b955aba-601b-411a-a9fc-7b5efc2eb985,ff9a6fbb-2239-4902-a90a-305b1ea27159@somedomain.com
341,a3e33ca3-7aad-4a2e-b792-70fa4e8e8480,a7398930-46e9-44d5-9966-1ded6b1cdfe0,293f8ed0-cfbe-4dd2-a364-1638713d928d@somedomain.com
342,359715ff-9eac-4d12-a080-e55b6233ea8e,f50fae2e-b8f8-469d-8deb-afe8b3fa0947,44f88300-c6f8-4f53-88ba-8f2aae0aace3@somedomain.com
343,b0a90c29-1d00-431c-9337-4244883343a0,91d79a3d-cd48-4056-958a-3bf7822589a9,6a350298-8384-4d2e-a075-355d4065acee@somedomain.com
344,0c08898c-3abf-4391-a377-088ff17c026e,7e367232-80ef-4f42-b777-fa25d1cbd159,0cd2d4cd-4d04-44ab-944d-57aa5d5b6168@somedomain.com
345,bd0eba17-4e58-408f-a93a-8f1a5428776e,a874059d-92e6-4df1-8f3b-40794d34b156,46d8d232-a852-4ddd-b837-5bac7a63b898@somedomain.com
346,bdc8eacb-aa53-4a1c-b6a8-c09906f062ba,f75a4fe8-bb7e-4ec3-b28e-e7ad673ce1e3,ea2718b9-0ebe-40ee-a199-c14b0c954618@somedomain.com
347,e18e2865-f7bd-4db4-967b-0562eb438e62,f3eccce5-99a0-4230-880a-706b3260890d,9ca7fd22-b1fe-4f50-8147-2ee8192a796b@somedomain.com
348,280cf491-6062-411e-b3c2-a55398ecf57f,3c0ce6e6-eaa3-486c-a1b0-f67330a87929,eaee05ef-be4c-4673-9e48-699689d189cc@somedomain.com
349,9513e936-82d1-46dc-81de-6d522243bd22,5ffbdc06-ffba-4401-8273-4c2367712811,aa311905-8865-48dc-8d59-ab1d417503c1@somedomain.com
350,7d5dfadd-792e-4779-b2cd-7ea4827db312,c16f67ea-facd-4ead-ac5d-920b185ffb87,79ef6e20-91d3-4012-81c1-b3713acc0bab@somedomain.com
351,0019ad47-fa9f-4a39-aa39-e02a3752b71f,5721e4c1-628b-4620-8aec-ebac3f7c864d,6bf7e7f0-bcf5-44e2-9ca5-5c5e15a72242@somedomain.com
352,8f8f179d-d4c4-4f9e-b955-de0dbf554f9f,1ac37729-2b67-49db-b9a2-ee3b55fe805a,23156d46-b4bf-4780-b969-6ad99158709d@somedomain.com
353,d566ef58-e6ee-4227-9a1c-76536afdcf5a,0dcebf8c-ced3-458b-acb5-8c448b657817,4adaedbd-0999-4e47-b7d4-a1a3ef783f5c@somedomain.com
354,432ff32c-e296-41af-8bf3-33a3188a9158,a54352f2-4e7d-4c50-bf0e-d0b5637baa1c,d1e8dbda-92eb-44b9-b3f8-d2148ea506d5@somedomain.com
355,0a035a0b-f3af-44e2-a9a8-9b0f15a8b59b,2b7bbbc6-3e84-4bf1-bd9d-2ebd8fa4d4f4,0b84c479-2448-42be-9131-1dbf4c853c3f@somedomain.com
356,595f7f74-89e3-407a-b06b-5007d1fe2061,028352dc-182a-4cc3-85f2-7b1c0d6d3940,95a3c6ae-5d6e-4a75-997d-509cd388ee3e@somedomain.com
357,8d6d483e-6750-4af9-baaa-c0b0c507876b,01e48f07-7923-45aa-89f2-1f5ca0a944d3,b21b57d3-62b5-4acf-9d67-4c486408e5c4@somedomain.com
358,01fa9d20-c34c-410d-9a8f-96027419d7f1,6aa7aaa2-bc5e-4ac2-a147-2a6c3fb6450e,774af664-848e-4a16-8596-c6619430d1ab@somedomain.com
359,f27989e1-01c7-4a75-8e70-d7b46ad3054b,aa8a7138-735d-4de9-b081-be66f50c2e93,08557612-ec05-41ca-88e4-83fd79dd5b33@somedomain.com
360,5ba14c63-b77f-471d-85af-42a48785d0ff,4fa1df99-ff8d-4aaf-8259-dc33f16b123f,6d5e767f-be8f-4c43-9607-8a974ecae449@somedomain.com
361,967bc2b0-c570-486e-8713-23c8c1c2dd39,9fc47778-ed29-41a3-922f-5d17f2e15dc9,286dde23-f7df-4bdf-bde2-b27d1742db0f@somedomain.com
362,e22f8835-39e4-4818-8a77-6af10b315640,d49cc7e7-db89-45cb-b268-2f38b4cf5bc3,b8a57513-7d9b-4154-a047-4fe5047adf0c@somedomain.com
363,c6fdba2d-c27a-40df-9b14-1f5a823d0e4e,6dc4720a-58af-42c9-a629-63f52c150ac3,f6e94844-c483-4559-a6f5-0134772afef9@somedomain.com
364,01e60b98-0612-4200-9732-b4725d0a62d2,04b97247-5b0f-4474-98f1-ced3cfa5f976,b2f66970-6a94-4050-a090-63139ce915f5@somedomain.com
365,023b4cbe-d9f7-4b0e-8b09-aa2ba3aef586,2c6f4639-e85e-42fb-9cb4-88dc58b0ad0e,710966eb-ba11-4709-a18e-65ffe9c0657e@somedomain.com
366,77db7b83-714d-46df-805f-365b376205df,06479578-4f1b-4df8-ad11-ed285a5f45f6,83e2e520-d199-49bb-ae41-6fcfa3cf5631@somedomain.com
367,30a6240e-3e35-4c44-8d6c-5eabc5a868d6,fe7e4350-ed7a-43cb-abb3-7ada453ff235,ce5567ef-b722-4790-a4ad-ebbba89c0b1b@somedomain.com
368,4cd2c0e2-1f1b-436f-a14a-0f43087c5d76,80913dee-68a8-40d6-9ea6-1ec9e806d50b,3bc0e072-0eba-4f04-9e39-0dbfae510e74@somedomain.com
369,a20f1388-1c47-4b71-85d9-ec8bfdea198e,a3e5def4-f566-4216-899a-007161f7a996,8f0fd339-2005-4540-b096-58bc98ed88d1@somedomain.com
370,06844b1b-7814-4468-aa68-b6bb78472e6e,22d2ba73-36ba-4d9b-8604-b064947c9333,a57bc35b-0a33-4b63-b43e-90f8db8b103a@somedomain.com
371,ab6da75f-bd34-4f7a-9beb-8266955bcbfa,2deef47a-ed74-4330-a0dd-b0c1168cda7e,3fba6d15-bdc8-472f-a510-aa7697c871b7@somedomain.com
372,f5dbac18-1730-4caa-b2fd-aec3df5fe45a,1cfaf153-f7f4-4015-8ac0-982d59a86905,31e68448-11f6-41c8-abd5-38f3fddbfc07@somedomain.com
373,3f3b681d-d1d9-4b2d-93a6-f9f8bdd76c70,f8b8f131-2fd9-4188-aea3-719e89a3ab41,cd7bda19-b11b-44ce-ad2a-4a0cb04c24a5@somedomain.com
374,54bf104a-d94f-4604-95f9-13c8453d345a,84bff000-941e-4f1e-8d7d-50ac81144d27,0827f2e9-875d-4466-acc6-e3353a6fe3f7@somedomain.com
375,11b5eefa-f541-45c7-a28c-5e7476e290ff,3ce4f949-0b80-4531-8086-9b3f0a757ba6,1b6f8c68-10b3-4a06-be23-ffaddb9681ec@somedomain.com
376,ef4dd67f-b4ba-4e68-8ed7-43165c144e1e,69aa8d99-f220-414f-b816-4b4d9236cabd,7607f329-2275-49c4-821c-e95219f07c53@somedomain.com
377,55255a9e-1576-4bdc-a386-3325d0880c0c,083d235d-e9a3-48c9-a482-f15837343833,66b36e53-92b4-4a3d-88c7-99363215a4d3@somedomain.com
378,30572d5f-9b62-4672-896b-3cc0e1bb4c51,570b158e-d9d1-4cc0-9352-bcf29fed5479,a745ae90-b648-4cf3-9ec3-e1fc76b6fcb6@somedomain.com
379,b5cbeb59-609c-4a98-b732-4b20e9b80b1a,de42cc8b-422a-49cf-b99e-4a54bb232f1d,58e75a49-291f-4014-8b4e-a764167b92ad@somedomain.com
380,11806226-e467-4a4d-82ce-7742f8e1129f,4df7cc0d-4072-4a44-ae08-3016fc2336e5,fcea783e-19dc-4aa4-a322-4be225e5e9ed@somedomain.com
381,ee8a2385-aa72-4056-b21d-7485f393a16c,3599c5b7-6e9a-4d33-b263-e5bf9d2046af,e1276181-e6c7-4799-95a3-4b1166887b9c@somedomain.com
382,67f43a16-700e-4fa8-bd5f-622d9a2312d8,a4616cf8-cd09-44ee-964c-9a2fb6f40979,f264b996-1219-46fc-a53f-bcb60bc98a91@somedomain.com
383,b4a321ba-98f1-4c0e-af86-632c010ea571,f6c4dfac-0776-44c0-9b45-24d30022f09b,007117cc-73d0-4bea-914f-64ecbcfeb360@somedomain.com
384,d2fb7a78-3062-43c7-8a2c-88b2d171326e,07097d28-9380-40b1-a633-cfa2d21e32ce,a538ad35-3e5b-4a8b-99f8-034e2bdf2081@somedomain.com
385,4e8d91b8-f641-4d88-b9dd-915c4c00c7a8,a9516db2-994c-41bb-9b45-d1be17bcb9fb,03ec93e4-443d-4293-a056-a2b55067d6ad@somedomain.com
386,db2775d2-a615-4b04-a9c2-6ad320cdcf36,2801dc04-62ad-40cd-991d-7b2b71f773c9,aa2aebef-1491-4c6b-b255-403916e03b0a@somedomain.com
387,1a7926dd-1b69-4d0f-9c62-22a1ef5e883f,67184b04-35e1-4436-a084-f196ab2100b9,56b8482c-84ab-4d6e-b34d-8772a806e285@somedomain.com
388,a2013387-09a1-459b-a6df-93e29e40a05b,e8df1a2e-0e92-4fa7-81aa-f8875626b98c,3d3694df-125f-42ca-981e-9993e1627cb5@somedomain.com
389,479abec7-8823-4619-8ff7-5ddbd846971f,766a0dc3-afd4-4d04-a985-73e0f7bd17c7,a5127697-0200-422f-bbf2-1f39cd4d15b0@somedomain.com
390,6b9b6218-de6c-4622-9ef1-4afec9597c30,7f46a126-fefb-4baf-8ce1-797bda9bff65,781d154c-a950-448a-b845-755441e612c7@somedomain.com
391,b40c57ad-beac-41e3-a36e-bf40786a2a96,05a3950c-d8b5-4922-b2cf-b5fccbf5e7ec,5c381df2-c989-4c53-bd76-8ca0be0e0a38@somedomain.com
392,02669914-eb19-4dea-a7b7-d56d23bed918,4e862944-c370-4eea-ab28-e237e9ce9a7c,21e7c24b-8a22-485d-b625-9a31a1c7f712@somedomain.com
393,5e27ccff-b528-49f5-b0d5-3d77f631399e,87cc8af1-e37e-4016-8e7b-59c1c3bb19bb,fe83999a-d76c-4594-b389-db5abc5b6422@somedomain.com
394,d20a1b76-e5d0-43f7-8305-29960c4003d1,37e65a1f-8bad-4688-939a-0dc00e9cc064,81e1feb9-f094-48b2-9fff-ceb01b910de4@somedomain.com
395,efcdfed4-bbfb-46c6-947c-11d1b8fa3afb,59ad2743-f026-45b0-9256-0423d1a0ce71,2f647e81-237f-4e08-8d9a-86ea5ad02854@somedomain.com
396,44225ed6-a0b4-4333-ab1c-bc85d6128136,441be66d-30c8-4d5c-9afb-c3925729e2c2,3c4c48d1-faaa-4702-b2c0-57ebe774bd78@somedomain.com
397,753a3009-5bb5-4978-b74f-3f00b06884f9,1c438d3e-3e7c-42c5-afc1-c722f69e1cd6,26f30969-610d-4cb0-8288-545bf2788d2c@somedomain.com
398,23b8169b-bd51-42a0-a141-94860c4d4557,82910a46-fe5e-42a9-9d1e-4ed99b13ad96,3129b068-df9a-42a4-8abc-e53712d820c4@somedomain.com
399,16f22878-8d8c-4565-ac65-7a4972e4fca6,12ed3e3a-7db2-4cd8-8114-2db78101b1aa,caad5fee-14de-4d10-b668-3ff24383bf46@somedomain.com
400,179f9a16-42f6-4dbc-84db-6828f6f80ad8,8d8aa115-1e4c-4209-8aef-20eaf4c56924,1881e44e-5dd5-4e6e-a39a-f211cf0c4e0f@somedomain.com
401,fce810cc-6cf1-4917-bf78-8c6acf9aadd2,90e22bca-167b-4492-af56-9be929c8a961,4109a51e-7ba1-4439-bc86-cd019df33bee@somedomain.com
402,af3ba722-9a0f-4b5c-8fde-d980a400f1d9,74a9a63e-8500-4d73-a954-aaaaf8005afa,fa51ae1e-5b80-4c60-bdeb-009a2d754b99@somedomain.com
403,ccb1e5e1-5111-4b27-b9b1-e2a7a51d1318,9df7aec5-787e-4c4a-a9d5-27f0fee4ab78,aa42e35d-1c1f-40ca-bd7d-3001865b3a70@somedomain.com
404,198f07d5-35f8-4c27-805c-deb764dbf90f,43298e84-7c64-4778-8659-3e3561eeb51c,bb68c2b6-dff4-42a4-bfa5-0eec300c1ae2@somedomain.com
405,3d40a4f4-f38d-41e1-bcf9-4b2fd22931f6,4f230272-76f4-4627-bf76-dae4bc018b24,0ca246ac-ea08-4386-8e86-67fd0571559e@somedomain.com
406,2cd678a6-3737-4f91-863e-3101468e8c89,87957404-0c26-4c6f-b765-40156ecd5b32,2cf481bc-5384-4d1f-aac3-eebbf545714f@somedomain.com
407,4c5ef0f4-1c11-4f9f-9731-2cd6ee5d2e3a,d87012da-a848-4e7f-8205-37e6ca323be5,4496e141-7f1b-4bee-b827-f62f95b214a8@somedomain.com
408,fe3ce37c-a8f2-4c22-ba24-09f1282b5053,1f36566a-5c8b-46b4-92d7-73b82de0121f,4e0e3d84-0cc4-41f8-ae67-190736561bc5@somedomain.com
409,6a8ec441-2d73-49c4-9c49-ea1e84b0b9f2,3b2fd5c6-86d5-4293-8a68-7a74b329e09f,e6930d69-9ade-4dcf-9954-115e8c845a50@somedomain.com
410,16fe3164-d03b-4d4d-b3d4-27b470c46682,e41bd3d1-d164-48f6-b8b1-6ce1639723d4,dce75b41-6e5f-494b-aa4c-31d1091ec5c1@somedomain.com
411,92a1b5ae-d64b-49db-b3f7-bc4dd88a07d3,fa177874-7ddc-4267-8714-79a1909ea2df,d8ee775e-1c17-4674-bc16-348e1ba21eae@somedomain.com
412,060b4b78-9d36-481f-97f9-1f6d18744f6b,87b55405-c4b0-484c-b6c2-91de07968036,1046bab9-c94d-4485-b276-e0fad4aeff79@somedomain.com
413,42e64d75-e4c8-4ad1-ad46-b309fa3ad28b,54ef8799-60b5-4454-8976-6f7c0a796a5d,16abb44d-8abe-4d34-ad2e-791cad6a5df8@somedomain.com
414,9f89264f-0cbb-4be8-af42-430a2a07e8c2,b52f95a4-da17-4116-99cc-e2a9fde8aa06,fb2a746b-bbae-40ec-83f4-22738c82ff74@somedomain.com
415,101cc665-cb15-43ba-a611-fdf23cb6438a,d7f01b3c-196a-4049-8a7c-fae63af4032c,0f46aa79-d124-48d1-bb92-52a350a6da1a@somedomain.com
416,3a9b1af3-06c2-4cf2-8649-0e93d4a6f71a,31d8c9ab-7b51-4cd5-9645-5269060676e7,772a8e93-e3ea-4ccf-a7aa-6ed35de8b2d0@somedomain.com
417,46908d4d-42b0-4a36-92f3-4bac519a95b2,e7b1c479-274b-4a0a-88db-961d6d74a606,e15c7328-49de-43ca-a684-688a2f126319@somedomain.com
418,6eb418e1-4754-4008-b5dd-977b490acaad,45190778-a6d0-4ed4-933a-3aa2356dd0e6,79ba7f5f-c58c-4a2e-aee1-770b06182173@somedomain.com
419,b507bfe7-1c33-4905-91d7-d5aa3583b764,88f56158-51c9-4c16-bbbe-8914298d900e,db6e1f78-603b-4da2-950d-127e3694aa9f@somedomain.com
420,727e7275-8f45-45d2-b8b1-562886dcb832,3f2df165-c500-49fb-9073-aed651023c22,9135982d-795d-4221-ae1f-798344a6d249@somedomain.com
421,4cf5435f-8c5f-4d8e-a7ba-3fe131486309,f29636e4-f872-4c79-a0a4-c73fa53e4c10,6eb139f5-0746-45e7-af18-251425dcb924@somedomain.com
422,0f4c9d55-c2bd-4502-9193-30a20bb4f7e9,8815bf70-7262-4a54-b489-f24510225d4d,89d0073b-09c7-428e-86c1-14b01c367d62@somedomain.com
423,1d222b59-8380-454d-a56c-3252df4e579e,f5d83de5-7a82-49b7-b4dc-1d2524595aab,8a185d61-f0d9-4624-9982-d996fa3bc586@somedomain.com
424,0f51749d-1e86-44c4-b468-f69d3b8d2e45,7ad1adb5-eb3e-45b5-980a-22158712a7ab,1cd5bc26-708f-4bc0-9b5a-cc2be17c81fd@somedomain.com
425,8f7dba85-d7ae-4fb8-91d3-a8b4c5964127,d405c4c7-162f-4596-9134-5e3ae4207b39,94de33a7-ecdf-42a0-8a23-db86d6b33209@somedomain.com
426,2ff2e1ab-85a8-43cf-a295-1cc8c38b318a,3cdced0b-3482-47dc-80ef-950a64f0d671,435b8ca9-fe3c-4d80-9ee6-54fbc5028baa@somedomain.com
427,2231dfac-fc6f-41d4-a2d1-af0e84e1bddb,dc7bc416-2b85-47f2-b9a9-1911a65e7330,d7c58ec9-6cf1-43e3-9627-b15380100dc8@somedomain.com
428,c7b4d63e-3848-45c6-89cd-a5017bd023ad,ae2fb1e0-be8f-4946-9381-3f71fb426275,3209624b-d75c-4130-9896-ad5924b0de57@somedomain.com
429,dab5345b-edaa-4c5d-9e8b-72ee446560b7,517117f7-24b3-446d-a39c-49fd55cc23e0,746c8943-cab7-486f-a417-bbb92014dfd8@somedomain.com
430,930d7442-4010-4915-9a98-13768245442d,9f9a1fb0-ae7f-4bea-857a-2349a79c1597,abf33296-73a2-4833-81db-e083960c1ba3@somedomain.com
431,1d0bebcc-8d75-43ba-ab87-655efc38e106,0f0693f9-9a5f-40b0-97cc-0d40e20cf872,8c6cc801-9ae8-4b09-833d-42996d61b27c@somedomain.com
432,eef74b9d-0266-4262-92cb-55d4d2b4b42e,fe8aa340-83d7-46cc-8d16-5d470c4c2131,14f70f96-6185-47c2-adfb-c00f0c5fc32e@somedomain.com
433,03aacd24-7e09-46d9-babe-1a2efe661775,e8cf3da5-aea6-4dad-97b3-068affccbeea,e524cdff-16f1-4acd-b0e7-0bdaf4eeb689@somedomain.com
434,7860e5a3-5467-4883-a541-1d19ba1ce8e1,c55ef859-5ea5-4afa-a1da-289b6473c40a,f57831a3-ad74-437b-87b3-7572ba5a7dc8@somedomain.com
435,7e816d5e-919c-454a-8143-82f7a3288151,764fe3e6-b854-44fd-9e94-be06c0524fb7,f11cce52-0524-4b12-8fcf-9822edc31011@somedomain.com
436,29a1d71c-1340-47e1-bd99-e4c4af442212,2bebf558-bc59-47ef-abb9-68e036123347,afb8b812-b6b7-4033-8204-ca8593440875@somedomain.com
437,36ab8bdf-c01f-446f-b209-02fa41f2c084,7f60de83-35f7-45d4-bb2f-ccf6f8443c8f,83f2c79e-930f-49da-a828-74dc6719edb1@somedomain.com
438,785d7128-4412-4da7-bb13-60b3ad3eda06,dc99789d-d1bc-4ec8-8a52-313a1132bd14,8175bc0c-fac1-496a-b435-1f6a144382fc@somedomain.com
439,142b033f-07fc-43bc-8554-d4efef1f5c59,f6475669-7750-4fc7-93a0-a3da74de4e0d,22ec6151-5ff8-4b4e-a612-5029c8cee4fd@somedomain.com
440,0e9ccf56-51d4-44b7-ad48-394c371f861a,7e60482e-1648-46bb-a106-3327f44a0a88,ac2a8bd6-7d2c-4dbc-8682-8189472464aa@somedomain.com
441,0d938215-22de-4b3e-aef5-16b797b0c5ae,0a55d537-537e-4f76-b4cb-58a2f23ba87a,f91843e1-f9eb-46ee-ba5b-6a94cedb7048@somedomain.com
442,2b0180cd-8e61-42be-ae70-65c295d6d0aa,ea9b62a2-cbb1-4f86-ab16-47bcf4080f63,ab9e6859-c0ac-4a23-9e15-ef876a8f01ef@somedomain.com
443,2180ef47-af56-44e2-94b2-b77c22a58cff,e2adba9f-958f-48ad-9f07-a561906a418f,90ab50ff-e0e5-411b-8724-c960e9dc2405@somedomain.com
444,4ede5620-8d7b-43b5-ab41-0219e337868a,da67b1b8-749e-4ecc-a58e-f86f8b2ebc84,3f9cdd8c-a5e6-4fee-b5dc-a5de75824f23@somedomain.com
445,e990e0f0-d702-4eab-907b-a998434443dc,c2acefe8-93ac-4616-a06c-70a05f9d088a,777ec127-e9bb-49e6-b700-4919c380e696@somedomain.com
446,34cad745-815f-4576-ab91-ddc366d8ab9b,3eca0896-86c1-4cf4-924f-366c8b64b5da,7f48d550-7ce7-42c1-9ce7-eb312dc02d11@somedomain.com
447,042cad55-ecf7-4baf-8119-a739e8fb47b1,ac545983-eeac-47cc-b65c-18feae33bcb9,46c1c26b-4cc4-45ad-97bc-179a898baafc@somedomain.com
448,99e442b3-90ac-4200-ac96-f5d539b13acc,b76c63e3-0adb-48da-b401-cf8b0a68dcb1,bcc26f8e-3b90-4996-a8fd-2f7112f020ab@somedomain.com
449,bc939da4-9b22-4eac-96b3-0d04188461e3,96dc40b8-4e68-41ee-a05b-2de3d5f4fc21,3910c54a-203b-44f5-a2dd-a9c90c3e15dd@somedomain.com
450,0cce8a6d-d884-468f-9660-ee0048d84d4d,7a024957-1ec0-4718-bf7a-804380452da3,50cec5de-f78d-4eef-bd2d-a76a2d60a981@somedomain.com
451,1ab50c16-c268-4b13-ba88-9cffaa7bbb72,5a6228bd-9e80-4791-a600-364b10a2cbbc,21bc8b1e-1fa7-44f4-855e-4cf5a380a50f@somedomain.com
452,0ccc5d8f-8e78-4a1b-be62-fa7ade33ae97,62739394-da8a-4729-91c6-4a7547fdeeb6,839c469e-dc14-4c9b-a99f-1e062d335b1c@somedomain.com
453,82b361a0-8793-49ee-8176-694f9bc38d8d,4620c8b2-e210-48dd-9878-a7db49225f16,b3f68a77-11f4-4e42-ad4c-5321889ebf13@somedomain.com
454,6a49712d-292d-46ac-9032-082abd2a0d5a,0fd442ca-99de-46f9-a4f8-0406a051faaa,3d0db5c8-8df2-4ac6-a0ba-590fc85be449@somedomain.com
455,b21d5dd7-293a-4689-a337-b9671528ae48,c8fbd23d-e78c-422a-b93a-f9a4ec76479c,f253dcce-7584-48cf-a3b3-5834f72a6f90@somedomain.com
456,191286d0-17ad-47b9-8c0a-bc50c86c066e,a1f6b839-2c55-4451-a622-dce628740f69,d0cc11c5-3aff-4c96-997c-4c7a009d4897@somedomain.com
457,fee5f0e2-02ee-41ad-9656-d47f739156f6,d142c486-f1de-4a00-ac4e-57b1ce7d4de3,01a913a4-1efb-4f40-b27e-68c92f3a4a23@somedomain.com
458,e74fbe9b-29c1-42cc-8ace-4d21d7180577,c22e8247-72a7-4876-b54c-179bdef5041e,4f831c6f-6c8c-4308-9e78-538a86eca1c9@somedomain.com
459,0a5059a1-1b77-4146-9ece-c4f52aa2f533,8a5dcd55-20e4-4218-8ad9-f44bacf00809,c241b0b9-49b6-4f6b-9a70-4071fa6e8b45@somedomain.com
460,13730e8d-5b31-447d-8f4f-0a94a9309df0,f4230f25-2130-443d-bada-0a2179e93cb5,1331bb45-821b-4aef-abd3-bdba1f24c102@somedomain.com
461,0300e2b2-4179-4aaa-a864-054c0c706b92,83201bb5-d565-4f24-a2bc-0dad4f4fa714,e33b069f-482c-4b26-8d0a-6ae27ef4d6dd@somedomain.com
462,0dd7ff35-8bed-41c5-b237-5905eb0777a2,febd9e0c-7372-4374-8a3d-a2aaa9ae049e,e232cc7a-6abd-476d-b57a-a45ee388a151@somedomain.com
463,51b2c0cc-9228-437f-a292-59b631650a9e,f34a8dba-97a1-45fc-b768-9aa70114c2b5,1edaca5c-6a92-4c4d-96a1-c522df7fd1e1@somedomain.com
464,c3b8bc4b-987d-4ded-94fa-09c754067c58,9b088abd-4499-4cb8-849e-1776f2540c5a,d00648f9-94ca-48c8-8362-69eec827349e@somedomain.com
465,38847a4b-c6ef-434b-8a6f-2f89cc02fc08,1bfcc425-b022-42e7-83ff-36b51f02f520,4828e1e9-3065-4e68-8d82-f6291558be94@somedomain.com
466,a43f2bec-7876-44ee-82b5-62cb6c2d82e9,4e73a0ef-4509-46f3-9be2-1d5a9216c5d1,ef4f3baa-7cc5-4ff7-9189-3109adb92208@somedomain.com
467,43266730-964d-42ad-a8fc-3026fbc5f1dd,1d2f369f-232d-4b1d-b959-08504c36808d,be34b2c2-4394-4ec7-a0a4-cee780375130@somedomain.com
468,e6a01ebf-7891-4051-821b-66b194815849,03eef5cf-c217-4919-877f-c22b522583ae,42cb7c94-4011-4024-9499-99d857967f7d@somedomain.com
469,ea298d83-e1f3-4fe9-832b-68ac14ab90cd,8c589873-7555-46eb-ae6c-18393e1cf205,de7ff038-31e4-4738-822c-8cd46381add4@somedomain.com
470,1f332615-2458-4625-9b44-50046f2176c5,22fa6244-26c7-46c6-864d-3e0497d77736,dafdf249-445b-433c-bd5f-d0df03d20e17@somedomain.com
471,511035fe-da0c-4c46-9cb8-52f8cdf2442c,d9966ec8-25cd-48a2-b003-d1c706d7e291,6fb0f02d-b7b1-41ed-8c44-6519ad6378e9@somedomain.com
472,d6d75e98-8abc-4582-845d-f03ed7146e0e,a6675cbd-a6ee-4847-94d4-2fcc5c06180c,cf323f92-4e0f-45e9-b1e4-ab978c0d02a4@somedomain.com
473,0cea8ae8-ef97-4712-862f-b4e5cbfce7d0,9c9b7f6a-8d0b-49cf-85a7-bf374bc6d6a2,29b767e1-4108-4546-8b6f-e4ae2b8cc399@somedomain.com
474,64ad744f-11a9-4c96-935c-311a87a257e6,68ecbc02-ada4-4c3d-bbe4-56d9cf00a878,e65c679c-5fcf-49d5-96ba-c4f39e774a9c@somedomain.com
475,ee4a09a8-004c-4271-9cd7-f62c7b6670c4,1da9b0a0-0643-4302-a7a4-e17819071c2f,3d2b9a35-dbdb-4ae1-9bb9-6c6f17cc5a94@somedomain.com
476,19c10f6d-1c89-4526-9a58-73c21802742a,4d94107e-782b-49fc-8df3-4a1971774705,eb54fd7c-2811-479c-9b5f-35bec66ff412@somedomain.com
477,4a14e3b3-2786-4212-8819-e60138f4c06b,0b37fa8c-871c-4edd-a6e7-fa32a0f9bbbb,07a58556-9bb3-4e1a-b471-9db61ff5b159@somedomain.com
478,619a3778-8c68-4f51-8ec9-e6da178e0e1a,bd372c3c-2315-4541-9cb1-911bbe6a17f1,2ce46487-1d01-45d3-8cad-f295f400494b@somedomain.com
479,eb95a9e2-999d-4e36-825f-b68b82f20ef0,5536388a-9c62-45c2-a2bd-a10bf22dcea0,60f021a2-d82e-41c5-8c8d-b7a1c12022db@somedomain.com
480,43015716-1c60-4fd8-b768-eb0ac0422579,4bd1757d-ffe4-4539-a9cf-6d8f08ba94b4,fafd2cf1-263b-457f-b34f-f6c4c6715e21@somedomain.com
481,eba02ee9-5496-4776-988f-25d15e671c53,0fad1135-e550-4d82-9e31-09ea06e0dff3,187441bb-938a-4602-8691-ec9c1cf92051@somedomain.com
482,0e5bf7ee-d441-4cc2-9085-f5dd35b483c7,7e98e4d2-7b65-4938-8d15-1201f36409ba,72978e1d-7649-4590-b72f-3884ea6511ac@somedomain.com
483,9e7bebb8-f24e-4048-9bee-61876679fbde,9b8486a1-df2c-430e-930f-40c6d54a5dbd,854efca3-5587-47b7-be18-4dd60fef6c00@somedomain.com
484,f1bf8ec9-75ae-4051-9c58-11791d8bd270,231a3d1a-77e3-4e57-a9d5-dad091dcf9b9,b6e211a2-bf54-4798-a4ae-28341708b5a9@somedomain.com
485,4bcf3d55-63d3-46a7-bd28-c55d10e7d6a7,7e28333f-922c-436a-b3b7-95a3271644ff,ccffd732-b840-4619-82f6-8a634414b272@somedomain.com
486,dd9f8b94-0be9-4b23-82c2-224418f0887b,f8f3a248-bc6a-4603-98a1-0a6c77a1a2b2,4e51bf1c-0041-47a4-b2da-3a5acc153efa@somedomain.com
487,0f5f3e56-74e6-4a29-8e6f-73a5be865ccc,2d126ba1-211c-4a57-820c-5baddecf0307,bd4d81a0-79b5-4876-8593-48e8bd4e1ebc@somedomain.com
488,cee92ee1-2c91-4cbb-9152-0ef7d46a411f,06c35733-3a8e-4b01-8557-50ac91f0fe01,39afb6fc-522a-4e3e-bfbf-c18076fd119b@somedomain.com
489,52ff2ded-0f33-408c-8465-6439dcf6ab81,025643ea-95d2-4c72-94d4-b47e89009942,6343b308-fcaf-43a0-a511-503d0d5e645d@somedomain.com
490,41ebc534-0424-42f6-a728-eb017c20abe8,b5c7fa16-c254-4c30-8207-aa8b332f5559,1d16f1fe-2b39-4da0-8a71-d9e03e4c5509@somedomain.com
491,f850ff10-de20-45e8-b902-8b0d0e595190,f1161fbf-f01b-4e6f-be51-ceaab1c43401,283b70b1-b216-4b44-8438-ed664a2d55d9@somedomain.com
492,d676d593-2f70-4daa-917e-34f549cefdeb,c1232fa7-7d28-4280-8883-aa46a925836f,fb88610a-fbdd-4b9c-ba67-364e0b9daf5d@somedomain.com
493,c57802c3-af57-4bb8-aff8-67391f1bcd7b,f5663e39-611a-4ea6-a633-bdb95c31e064,50c08930-684b-4110-89fa-e1b733e86068@somedomain.com
494,53b6d4db-064d-4554-bf6a-b5165fa962e7,e8a17984-2372-4fbf-8820-1331e9daed1d,e6a4e580-8dbf-487c-9596-3cd34974e3b0@somedomain.com
495,11301448-f738-40e7-9a29-f1ccc4821914,a7ff57c3-2e15-40f8-8141-c37f0a0dbfca,be3847f0-e813-49f0-995c-59b0a12b4c3f@somedomain.com
496,e271d639-7b59-4c5c-a2bc-f639a2768fe3,72b15bfb-4c19-4f17-9d74-cb7cb8037bf3,440196d4-44b7-4f29-862a-5fcb697482ad@somedomain.com
497,df2e85db-43ed-4166-8be0-1d50e3eece6e,1ed06f61-3934-4fc2-9485-1ef194f84c01,18167c20-f623-435f-9eda-a0f0d73502ed@somedomain.com
498,77b778c9-ff5b-4a82-a5cc-a0494b11d21e,eab63df2-de87-4d3d-ad08-5de143582cd7,4b28a3c8-587e-482f-a830-18fe32e25e85@somedomain.com
499,f3b17e65-9a61-43e0-bc40-6a19e2f4137c,b1ffd294-cae7-411a-b263-15c7e8252526,11b54a8d-46f9-47cb-8467-a0539ee49b49@somedomain.com
500,adb4c237-6f79-4fd3-9e09-bfbc3a0d6e41,63566751-d533-44c5-9197-a5e132dda34d,5783d539-53b7-4607-8fb3-09fa18692ae8@somedomain.com
